Id,Value (M)
280,10.604605969074733
569,20.02308035323135
8731,2.1024688591851657
10085,-0.0810102877320702
9831,0.12026407976352615
7346,1.8416431788129977
10496,0.8522848807700161
8318,1.2963736440057119
17589,-1.6046369878721762
3615,4.771666228033119
1303,5.973973834927392
9425,0.958804250420922
108,20.451827130874634
15757,-0.2931407122873413
8768,1.3054687167722712
15149,-0.6162764350262577
3442,3.829275986764472
11995,1.2675063023139685
6585,2.0636875604308464
18,22.211079213931882
15182,-0.7525714611154495
14631,0.1717180650706016
2324,5.529885071691698
1614,7.301809841301704
17085,-1.9990883952938763
8561,1.1484036765608288
8122,0.6772085559265069
412,3.228885422413388
2249,4.557629743534239
2685,4.774335527072775
16094,-0.8825301439282605
14387,0.15094805094835273
12257,3.2262717685736995
2013,4.652474171829457
3988,5.02348626608925
5369,1.5004067409914867
13790,-0.8744328163587696
482,8.118671683090305
7328,2.5347932506146442
17121,-2.6805635257398315
13305,1.087001948940621
16634,-1.3771645777244892
16766,-1.5044539614976475
11989,0.6807861697127038
177,6.900024345406557
16628,-1.5342296179359316
8120,2.0609288309406644
4069,7.284617440965647
5618,5.648987697444834
11309,1.6050756958987549
15007,-0.121642001230029
2019,3.4907088479826207
10905,-0.303054669349919
14866,0.915503237883307
2099,4.32657971960036
14183,0.7818775108337714
3839,3.829275986764472
9164,0.45516417430865985
15227,0.6103787997764591
3374,2.8985606868515177
5413,2.4544719236158237
16516,-0.4438694092224047
13373,1.789247093508827
8823,0.2980991340972192
11210,0.011075411072964059
11486,-0.14598962913847657
2443,2.3885842674628783
7564,1.0563179777557945
4263,1.879516162820778
3405,3.212690767274399
14382,1.3866983585176307
2662,2.1665398858450295
2816,4.365450448805202
5927,2.3155075984869775
15028,-1.191232195821307
8814,0.4343941601864092
12158,0.7015561838349527
5833,2.3362776126092264
16331,0.1870600506630158
5905,3.488947863689507
6523,3.9718179256795203
1122,13.10687998584864
14250,-0.655057733780577
14604,-0.19562698495246877
8420,1.652043752673091
16088,-0.9033001580505129
5088,1.6574717812029292
3087,2.009474845633587
16946,-0.5296187647510617
14846,1.1673232759394399
13055,0.5625918587061065
3285,2.794800046690792
2597,1.7603241066171158
9529,0.5499191721533485
1522,3.303868151332896
3987,2.101560544438623
6902,1.2133830179672351
3108,5.02615556512891
7026,1.2133830179672351
6885,1.6845781386015588
10399,1.6376100818272228
8395,1.1484036765608288
4255,3.755201572591506
16589,-0.7372294755230353
12437,2.5149315512389343
369,6.906360688682934
13474,-0.5900783923741706
16333,-1.3329552504403352
16219,-0.35812005369374766
15651,-0.9746158427332965
7171,2.941098460293084
2709,5.9270057781530525
12293,-0.1369839868224414
14738,-0.939412157765176
14039,-0.7173677761473289
3755,3.5151459063415906
6373,1.435427399585084
682,5.540651698300849
7248,1.3496780440564287
8916,0.2980991340972192
6710,1.7377931082017497
14360,1.4399133281178216
5951,2.525787608298611
3672,3.642345859664225
11867,-0.03046461717153548
13995,-0.44477772396894544
6502,3.1125077408998756
732,7.686257861210304
9997,0.3901848329022535
13434,-0.6108484064964212
17911,-2.7004252251155396
3540,3.6631158737864737
8031,0.04894839508074256
14851,-0.6668221055867924
12276,0.7223261979572051
16859,-0.2777987266949289
3356,10.396142588756184
10071,2.3515301677511182
7726,0.2060134352921832
128,28.388069767485156
17632,-2.0342920802619986
1991,10.46388065965277
3506,2.9816407433405168
2826,3.360750165169808
10611,0.3901848329022535
2317,7.3848004673401775
15582,-0.11530565795365
14400,-0.3942320534084107
13695,0.6455824847445815
17406,-1.2670675942873864
9339,1.3975544155773036
2308,6.4307352847158405
16785,-1.913339039765221
12846,0.544491143623512
10930,1.1961906176311814
8648,1.2016186461610197
17739,-1.3022712792555087
1926,5.259964318552971
12966,1.4335769848414444
8075,1.4326686700949018
15741,-0.42943573837653304
15823,0.9958245648821276
9944,1.1664149611928991
8440,1.46253375698371
15613,-0.7020257905549148
8638,2.197223857029858
4227,3.4501665649351843
14290,-1.1262528544149006
4936,1.0292116203571648
11367,0.651010513274418
5748,2.5167819659825774
9489,1.095099276510112
11597,0.7873055393636097
8690,3.8094142873887655
2017,4.652474171829457
13720,-0.518762707691387
8230,2.9734539853205035
14558,-1.075707183854366
17767,-1.029681227077127
2312,3.3102044946092732
11285,1.2169606317534338
667,11.194993145912722
9347,1.3676893286884955
12638,1.7919163925484796
9537,0.6862141982425403
9430,0.8225092243317302
11439,-0.16675964326072723
576,13.01746358608326
1110,15.673135598831884
5741,5.521787744122204
11870,0.651010513274418
3219,8.606206534514108
189,24.020113728453623
543,17.53080972397055
4129,3.4293965508129354
14005,0.6455824847445815
4651,5.000046952927345
15380,0.10673872366419701
10400,0.5796948285916343
2605,3.781399615243597
9403,2.0699344732567013
16181,-1.1966602243511435
5687,1.6574717812029292
2290,2.5456493076743207
6829,1.0563179777557945
6436,0.6293321844056283
15170,-0.3229163687256271
17070,-2.6805635257398315
12526,-0.525099050967766
10642,1.050889949225958
1666,6.202354559821618
2270,4.744559870634493
17842,-1.5243156608733557
4664,2.8543513595673637
16081,-1.4692502765295252
5018,2.2857319420486917
5415,1.9300618333813127
8459,2.0401588168184155
2459,6.786405393383223
16656,-0.8527544874899764
782,10.617278655627487
14443,-1.191232195821307
13069,0.5950368141840467
16997,-0.7724331604911576
3159,3.7164202738371905
14031,0.236697406477008
7187,2.3037432266807656
15318,1.6475240388897952
14057,1.1907625891013467
13453,-0.747143432585613
7919,2.552893965697237
5872,0.6501021985278772
11583,-0.14598962913847657
6783,2.784033420081645
6034,2.3778176408537277
5503,2.2857319420486917
7440,1.6845781386015588
4985,2.0871268735927515
17636,-1.3528169498160434
14213,0.5092874586553897
11889,-0.303054669349919
12611,-0.3680340107563236
13747,-0.8121227739920176
12772,-0.525099050967766
2212,3.446499520698463
5939,2.5141126669429212
2199,4.409659776089359
1138,4.699352798153267
13541,1.7269370511420767
7835,3.850954315633267
6615,2.996982728932931
10564,-0.0810102877320702
15017,0.014653024859160979
8660,4.73103451453516
9411,0.2980991340972192
9886,0.05528473835711978
14792,-0.5097570653753518
10796,0.6212348568361357
8362,1.5897337103063407
9191,0.7069842123647909
7031,2.031153174502382
10019,0.07605475247937221
4991,1.1862766605686055
6147,5.204988364659663
6087,4.105533083179576
11941,0.7873055393636097
15919,-1.7923859992684417
15530,-0.20739135675868603
16296,-0.35812005369374766
13463,-0.7679134467078619
845,7.046322759008849
17318,-1.403362620376578
9532,2.446374596046333
1442,9.251569665245398
6462,4.923303239714723
11749,0.828845567608111
1265,6.602233995773155
3702,5.349291287867825
13936,-0.8121227739920176
16182,-0.9240701721727618
7790,0.8342735961379475
3499,4.42767106072143
8806,0.6654441841202896
3476,3.2334607813966514
10542,2.9681153872411876
321,11.828591904837793
16544,-1.2824095798798005
563,12.075073344814612
10474,0.3278747905355015
16125,0.3025850626299569
10801,2.150345230706044
5090,6.632917966957979
14050,0.5092874586553897
13113,-0.43301335216272996
15029,0.014653024859160979
1831,5.061359250097031
6713,1.1718429897227356
11683,0.8080755534858604
243,10.269705874529599
92,28.064934044746238
1326,2.20441286985281
7539,3.4862785646498473
6245,1.435427399585084
6805,2.07269320274688
8024,2.3542888972413003
4176,2.4246962671775414
12556,0.40819611753432206
6628,1.2783623593736415
17109,-2.271678447472258
7145,1.99870821902444
8431,2.2387638852743557
4992,3.47994222137347
15353,-1.1406865252607723
1758,7.805449917413966
2870,6.878491092188259
7530,1.6845781386015588
13372,-0.9042084727970536
11955,0.8378512099241444
17456,-0.7218874899306229
9727,0.8225092243317302
5717,2.2857319420486917
10952,0.7873055393636097
334,13.011127242806882
11544,0.1058304089176545
8083,0.3630784755036238
10377,0.07605475247937221
13448,0.18615173591647505
10476,0.3278747905355015
511,14.401273291547941
2288,6.9434704335946655
9288,1.2313943025993055
4715,2.2884012410883514
5103,3.385187223528778
8111,1.8714188352512835
1556,6.341318884950461
9644,0.5499191721533485
12850,0.2719010914451303
13147,2.2928871696210855
9440,0.2980991340972192
14492,-0.6668221055867924
7535,1.0563179777557945
137,25.214324007778394
5661,2.442796982260134
2070,5.058689951057374
12348,-0.38880402487857424
6835,2.3984982245254507
14987,0.2872430770375427
14092,2.3109878847036818
7284,3.3707535526829098
13970,2.3525279129481795
2178,3.4049594924539655
568,15.551274243588566
10149,1.187184975315148
1045,5.567758055699471
42,39.04414487395469
2973,3.2893450500364985
11837,1.332485643720375
8625,1.379453700494711
16130,-1.3329552504403352
12889,0.049856709827283296
2314,5.058689951057374
4149,4.235491765992389
10342,1.3442500155265869
12541,0.13560606535594033
1183,10.887199408766218
9319,0.6122292145201005
10697,0.6420048709583845
9234,0.6122292145201005
2722,7.287376170455833
16346,-0.6307101058721294
9499,1.2313943025993055
6826,1.6014980821125562
15431,-0.47998140893706776
17184,-1.181318238758731
801,2.648501633088504
2468,5.636315010892076
9698,0.7692942547315411
13652,0.9091668946069298
4750,2.8219064040894217
10046,1.4182349992490302
10206,-0.23807532794351083
13242,-0.49532339452948015
16425,-0.17127935704402297
6196,5.237433320137608
6404,1.6457074093967137
10464,0.23311979269081284
3133,3.580125247747997
8846,0.4343941601864092
15800,0.27280940619167104
4668,2.4454662812997903
689,4.598261457032201
5165,1.8145368214143716
14209,-1.1262528544149006
7629,2.3452832549252633
9780,1.0834243351544224
1457,12.256575443385028
12444,0.7638662262017046
2800,5.150775649862407
6223,2.3778176408537277
597,13.153758612172453
11041,0.5977955436742288
11705,-0.303054669349919
16157,-0.9240701721727618
4097,2.036581203032217
3291,2.637735006479353
9069,1.2313943025993055
448,14.496028289392633
8965,0.8640492525762316
13139,-0.9042084727970536
13598,-0.0656683021396578
14236,0.5300574727776404
15158,-1.5703416176505947
15389,1.2178689464999728
4676,4.5496218464152705
36,30.950747766682206
254,12.175256371189139
17354,-0.13516735732935814
17753,-2.3926314879690356
13761,-0.96918781420346
14780,0.42353810312673446
9102,0.1410340938857768
14647,0.15094805094835273
491,11.417037527530567
6977,4.052228683128863
12131,-0.27327901291163315
15481,-1.0043914991715823
11379,-0.009694603049284822
11533,0.011075411072964059
12657,0.5860311718680133
15162,-0.343686382847876
10191,-0.0810102877320702
6141,1.571722425674274
15307,-0.07109633066949428
12456,0.7015561838349527
6764,0.7421878973329132
14279,-1.1262528544149006
3994,3.2010158259187094
9132,0.7809691960872307
10561,-0.0810102877320702
15648,-0.1568456861981513
8641,0.9913386363493881
8324,0.8342735961379475
3036,3.7371902879594394
15859,-0.42943573837653304
13143,-0.6108484064964212
13582,-0.5900783923741706
2444,4.901624910845932
5884,2.8490127614880514
9413,1.3884593428107443
16527,-1.7860496559920627
11203,0.651010513274418
7965,3.4122041504768816
8737,4.313054363501031
12512,1.3090463305584663
14999,-0.5305270794976025
10139,1.050889949225958
6518,3.0800627854219336
13809,-0.01512263157912308
17322,-0.9944775421090046
6342,3.9809129984460796
13233,-0.6316184206186701
5723,4.6417075452203065
298,8.091565325691676
13600,2.0826071598094558
11536,0.39919047521828865
9076,0.1410340938857768
2164,7.100535473806108
9576,0.2980991340972192
13839,-1.1262528544149006
778,7.318912811187229
10140,0.5264798589914435
1195,10.35369424576514
11000,0.766535525241359
1337,6.131038875138831
14776,0.5806031433381751
16719,-1.6407489875868393
3749,5.924336479113396
15083,0.20149372150888745
11490,-0.14598962913847657
5192,2.442796982260134
535,16.389814414245958
9469,0.45516417430865985
16860,-0.9385038430186334
2129,6.472275312960342
5182,2.7569270626830154
16083,-0.65148011999438
2339,4.744559870634493
10586,-0.0810102877320702
12641,-0.09544395857794008
2806,3.7371902879594394
15246,0.7466738258656509
5701,2.611536963827266
16757,-1.5044539614976475
9849,0.41362414606415854
9610,0.5914592003978498
15011,-0.121642001230029
4445,2.8219064040894217
3773,2.2586255846500656
503,8.275736723301748
14707,-0.939412157765176
288,10.918736049497614
4773,4.07842672578095
16559,-0.7372294755230353
3357,3.0439507857072705
400,9.763307068927155
15250,0.47408377368726917
1565,2.4770029220311898
16165,-1.1966602243511435
14799,-0.6668221055867924
16810,-1.211093895197017
15222,-0.7525714611154495
12061,-0.3680340107563236
4984,1.595161738836179
6386,0.9642322789507602
17924,-1.0648849120452493
3501,1.787430464015742
9605,0.7692942547315411
9150,0.7485242406092905
2190,5.3105099891135055
14853,0.6221431715826764
8452,0.6772085559265069
5436,2.2857319420486917
8607,1.767568764640032
9876,-0.0810102877320702
8853,0.8017392102094814
9748,1.6493744536334347
6629,1.5301823974297726
3937,1.787430464015742
12226,-0.525099050967766
630,9.404967661220116
6016,1.7287874658857163
3121,4.051320368382321
11651,1.0598955915419914
10975,0.1058304089176545
10234,0.17080975032406087
9408,0.1410340938857768
1446,7.680919263130992
16252,-0.78777514608357
6073,1.435427399585084
17047,-1.9990883952938763
8171,0.8342735961379475
16281,-1.3329552504403352
8749,0.2060134352921832
15658,0.041759382257790634
760,16.638965153262436
8457,1.358683686372462
1141,11.275314472911539
12853,-0.525099050967766
7721,2.416598939608047
9331,0.2980991340972192
10486,0.6835448992028841
6174,1.7495574800079652
5445,1.1862766605686055
11143,-0.303054669349919
15964,0.17805440834698238
7080,0.878482923422105
13824,-1.1262528544149006
833,7.748567903577051
6770,3.56935862113885
545,7.0074520298040035
17714,-2.3926314879690356
9781,0.6862141982425403
9520,1.471539399299747
12658,-0.525099050967766
12648,-0.11621397270019251
9095,0.6862141982425403
15319,-0.47998140893706776
183,21.664138125282008
15372,-0.6162764350262577
5069,4.422332462642117
10659,1.3442500155265869
10623,1.1248749329483978
13915,-0.96918781420346
6869,2.250528257080571
14198,1.0752375771344038
3608,4.143406067187357
11830,0.7340905697634188
16155,-2.0144303808862887
4838,3.3787614498018783
7380,0.7421878973329132
6243,1.1212973191622009
4317,4.392556806203832
17558,0.010133311075865237
7439,1.66380812447931
10217,1.5960700535827215
12670,2.106046472971361
14977,0.7376681835496175
9770,0.41362414606415854
16128,0.029995010451575155
8479,2.395828925485798
8454,1.2016186461610197
6880,2.4400382527699556
610,12.232138385026055
17432,-1.8122476986441516
13027,1.4335769848414444
14739,-1.054937169732117
1051,4.500747729697327
4828,2.193646243243659
5135,3.28133715291753
8273,1.6195987971951524
11900,-0.303054669349919
4953,1.1862766605686055
3594,5.871121509513205
6158,1.467872355063026
16220,-0.2218250276045577
10628,0.23311979269081284
144,17.989332158052115
8698,0.8342735961379475
15579,0.3558894626806719
7759,4.479214476479029
2981,3.9682403118933216
11634,-0.05123463129378614
17738,-2.801516566236609
15285,-0.343686382847876
14670,-1.075707183854366
6819,1.0563179777557945
2857,3.9682403118933216
16698,-1.3681589354084576
11606,1.3208107023646818
7778,6.615814997072452
6643,1.435427399585084
5442,3.9212722551189856
15997,-1.7923859992684417
1856,3.238888809926486
5558,4.013447384374544
9540,1.5247543688999343
12978,0.18615173591647505
17067,-1.5902033170263046
12741,-0.525099050967766
3447,3.0439507857072705
11222,0.2213554208845956
14589,0.014653024859160979
10608,2.85259037527425
17277,-1.9485427247333416
11448,-0.303054669349919
2998,5.894560822675114
5883,2.9022277310882387
1929,1.982368488234961
16063,0.16629003654076513
15412,-0.343686382847876
13782,0.7818775108337714
6200,3.2903427952335633
13490,1.0662319348183704
16892,-2.4585191441219845
16644,0.3531307331904916
17968,-1.3726786491917515
14418,0.1717180650706016
16619,-1.2824095798798005
16738,-0.41409375278412064
17188,-1.8420233550824356
13770,-0.4032376957244459
11162,2.5799108926453407
13815,1.0960075912566545
5754,2.9139921028944578
11954,1.2675063023139685
5936,1.1212973191622009
1047,10.907969422888463
4467,5.492012087683918
1618,10.401570617286023
17472,-0.7660968172147786
1309,7.870429258820373
11357,0.651010513274418
1964,5.259964318552971
12886,1.4426720576080037
9173,0.41362414606415854
605,13.823558801262717
5669,2.359716925771135
10024,0.07605475247937221
6842,1.6845781386015588
17129,-0.3635480822235859
2946,4.146075366227013
7751,1.46253375698371
15407,-1.0251615132938312
9929,0.0345147242348709
2978,4.051320368382321
9061,1.6701444677556871
2583,4.409659776089359
7166,1.8740881342909397
7370,3.287673496193907
13626,-0.9042084727970536
1087,4.311237734007946
446,5.6056310397072515
11994,1.3622613001586608
9409,1.4092293569329932
11507,1.1961906176311814
12125,-0.525099050967766
4059,1.5653860823978931
10322,1.2611699590375878
8041,1.9246338048514744
14685,0.5598331292159244
17592,-2.0342920802619986
6866,2.1557732592358825
1466,5.345713674081626
1913,9.64869037170676
9189,0.2980991340972192
12281,-0.3680340107563236
16376,-0.3788900678159983
4685,2.697286319355925
4054,2.193646243243659
5501,1.9716018616258104
10265,1.1456449470706467
6863,0.4280578169100302
8755,0.6772085559265069
9592,-0.01603094632566382
9837,0.1410340938857768
12017,-0.4095740390008231
17316,-2.745542867146238
756,17.089390259774508
4918,5.041497550721321
3611,2.101560544438623
3841,2.886885745495828
12662,0.17714609360044165
10214,1.8063500633943548
4383,3.921361685569508
3864,3.9032609704869152
7458,0.878482923422105
2268,4.744559870634493
9641,0.1410340938857768
9291,0.5914592003978498
5267,2.5998620224715765
1295,11.450480228205574
2772,3.245225153202867
10302,3.4185404937532624
12811,-0.6821640911792066
12993,0.47951180221710565
11035,1.1105306925530503
5099,4.872757569154189
2747,8.292076454091227
541,9.636017685153998
785,7.43443782315417
3198,2.0834598293560305
3583,2.6675106629176355
961,8.551993819716849
17819,-1.5243156608733557
3245,2.794800046690792
5446,3.061962070339341
553,13.0914485698057
3772,2.3741505966170067
14959,1.481453356362323
10712,-0.0810102877320702
10908,1.2377306458756827
5497,7.113208160358862
5995,1.6457074093967137
525,20.159375379320544
3383,4.928731268244562
7164,2.555563264736893
3818,3.9655710128536654
8522,7.119455073184717
17444,-1.655182658432711
3296,3.977245954209355
15521,0.47408377368726917
1501,2.9897380709100148
11771,1.2585006599979316
13426,0.5002818163393581
2669,10.754481996463223
1278,15.083746167190967
12489,1.7387014229482922
6409,1.2783623593736415
13148,1.3180519728745033
6642,2.913902672443932
10993,0.35765044697378734
12463,1.9905214610044233
14067,0.3937624466884486
14766,-0.3942320534084107
5780,2.253197556120231
11985,0.42896613165657094
16758,-0.41409375278412064
11293,1.7413707219879448
15283,0.7674438399878998
13141,0.6158068283062974
1333,7.230494156618917
7728,2.1024688591851657
2293,7.257600514017547
9094,-0.01603094632566382
16933,-0.41409375278412064
10690,0.9145949231367663
5579,2.5998620224715765
10079,0.0345147242348709
11844,0.651010513274418
11538,3.552166220802796
12900,-0.45378336628497884
5036,2.244191913804194
11992,0.40819611753432206
15627,0.6609244703369939
8704,2.689188991786427
3551,3.2010158259187094
10485,1.302709987282089
12325,0.7223261979572051
17755,-0.7570911748987452
4919,1.8145368214143716
13742,-0.30848269787975546
7889,1.46253375698371
5954,3.7706329886344463
7745,0.6772085559265069
3456,5.693286455179514
15577,1.2151996474603166
6463,2.1376725441532862
3975,2.2586255846500656
4146,2.1728762291214103
843,10.471888556771738
15231,0.0651986954196957
11475,-0.16675964326072723
16429,-0.8735245016122271
13703,1.2946126597125946
1884,5.417029358764413
7118,1.5275130983901164
12071,0.2719010914451303
11773,1.8244507784769475
1007,11.945114662001803
13344,1.359592001119001
7387,1.1718429897227356
13913,-0.96918781420346
4820,3.2931015247237454
2107,3.959234669577288
8570,0.8135035820156986
16464,-1.1461145537906088
7588,2.7424933918371437
11048,0.9236005654527997
542,8.263972351495532
7368,1.3704480581786775
2799,5.150775649862407
12864,-0.9042084727970536
8962,-0.01603094632566382
9229,0.8640492525762316
14007,-0.8536628022365189
16073,-1.741840328707907
2808,4.522515489016644
7946,1.7883387787622844
6503,1.1212973191622009
9804,0.9380342362986713
2063,6.9434704335946655
12602,-0.6821640911792066
3035,8.292076454091227
3907,6.813511750781853
6215,3.477272922333814
3106,3.612570203225939
10835,-0.23807532794351083
5555,3.7109922453073523
9279,1.074329262387863
2889,2.1665398858450295
3985,2.8985606868515177
17030,-1.3176132648479228
8299,0.5201435157150662
14852,0.42353810312673446
10539,1.0093499209814567
2047,3.802169629365846
4727,2.6440713497557304
3552,3.7461959302754764
16604,-0.6009344494338453
14353,-0.96918781420346
3767,4.531521131332681
17502,-1.7409320139613662
13752,-0.5810727500581372
5918,1.4886423691852713
1635,9.731770428195759
6125,1.3731173572183337
15334,0.0651986954196957
1486,4.24625839260154
1762,8.433710078259729
8837,0.6122292145201005
5668,2.2857319420486917
8207,0.6772085559265069
12941,-0.747143432585613
6384,1.7080174517634639
1576,4.7174535132358635
4895,2.2857319420486917
2091,3.330974508731522
6517,2.47257263869842
16043,-0.3788900678159983
10902,-0.32382468347216786
11934,1.9607458045661375
15740,-1.6560909731792517
16210,-0.78777514608357
9085,2.6242096503800205
8972,1.3144743590883046
1659,10.286045605319082
12026,1.6556213664592896
786,17.821500491231525
14352,0.9181725369229632
11084,-0.14598962913847657
7441,1.8948581484131921
1311,12.727770564019352
9836,1.9751794754120091
8551,2.8877940602423706
9752,0.2565591058527179
8255,3.2759091243876917
17116,-1.5902033170263046
17320,-0.3130024116630512
5084,2.1818818714374437
14662,-0.3942320534084107
15270,-0.8888664872046395
15628,-0.1568456861981513
10091,0.5472498731136941
12199,-0.23173898466713183
13132,-0.9042084727970536
12259,0.5860311718680133
3428,2.886885745495828
16065,0.16629003654076513
14906,0.7168981694273651
12397,-0.6821640911792066
10482,0.07605475247937221
14971,0.6429131857049253
16598,0.8658658820693148
7250,1.8948581484131921
13282,1.2972819587522508
11329,0.6302404991521691
6824,1.5275130983901164
4542,2.193646243243659
4852,3.8265172572742934
13829,-1.1262528544149006
12702,1.4038013284031585
12192,0.020081053388999237
262,10.761671009286172
7723,0.7304235255266978
9247,2.5826696221355228
11839,-0.14598962913847657
7783,0.6772085559265069
6564,1.7080174517634639
5451,0.8721465801457242
3951,6.25923657365853
2664,1.6745747510884605
13376,0.8883968804846791
11472,1.7621407361101973
7182,1.99870821902444
10493,1.270265031804147
800,6.397292584040834
16603,-1.4187046059689905
10868,0.3694148187800028
10833,1.302709987282089
14188,1.0960075912566545
1422,15.587386243303225
16382,-0.7372294755230353
10797,0.34864480465775394
13260,1.4543469989636932
7923,1.1484036765608288
3010,7.465211224789524
3879,4.395226105243488
4469,2.9283363432898035
9141,0.8848192666984822
41,47.68272208558395
7438,0.7421878973329132
11515,-0.4601197095613596
4147,4.582066801893216
12329,-0.38880402487857424
16993,-0.5945981061574663
595,10.074767850310383
6631,1.571722425674274
16607,-1.5549996320581823
13439,-0.747143432585613
10840,0.3278747905355015
4591,2.131336200876909
10782,-0.0810102877320702
17644,-1.165976253166317
15129,-0.343686382847876
3211,2.794800046690792
4096,4.561296787770964
6080,1.7287874658857163
2546,9.080070954188088
17832,-1.6606106869625474
414,8.998751881992202
10338,-0.2588453420657615
3284,2.794800046690792
9984,-0.23807532794351083
12484,0.8378512099241444
8786,0.5291491580310996
9931,1.187184975315148
1411,4.874518553447306
9204,0.2980991340972192
11913,0.6925505415189193
12022,0.13560606535594033
6062,1.823542463730405
16282,-0.20105501348230526
11387,0.6925505415189193
6351,1.7495574800079652
10147,0.07605475247937221
12724,0.9741462360133344
1629,5.4377993728866585
2335,5.529885071691698
6490,1.100527305039952
2724,5.76994073794161
797,6.418062598163086
4646,2.1728762291214103
17020,-0.9087281865803494
9112,1.0003442786654233
68,18.7177753452724
87,26.82017809486093
15446,0.0651986954196957
2548,3.153139454397831
15505,-0.7525714611154495
16214,-1.741840328707907
12904,-0.18119331410659711
16439,-0.8735245016122271
441,14.08714321112506
5188,3.8563823441631015
3604,2.060020516194122
4138,1.5653860823978931
15352,-0.8680964730823906
5310,4.798772585431749
4570,4.383461733437272
14491,0.8324231813943062
16451,-0.7372294755230353
2761,4.795105541195028
7856,2.144008887429667
17959,-1.9178587535485168
8121,1.3054687167722712
11568,-0.009694603049284822
17414,-0.7218874899306229
17094,-1.9990883952938763
17267,-2.2003627627894744
5640,3.0710571431058966
15086,-0.8888664872046395
17181,-1.8627933692046863
3844,3.473605878097093
9267,0.1410340938857768
7194,2.27129827120282
3887,7.912967032261935
3103,2.356049881534414
13873,0.1211723945100669
16708,-1.6407489875868393
6641,2.347952553964916
7509,3.5602635483722906
10078,0.6420048709583845
6279,2.075362501786536
4397,2.6648413638779793
12979,-0.9042084727970536
8940,2.4346996546906396
6492,2.2207526006422853
6575,2.5050175941763584
1530,7.639379234886491
2189,3.4257295065762143
3533,3.3580808661301518
2151,9.59280610306691
2595,4.12797465114442
5524,3.0502871289836477
13816,-0.96918781420346
1139,12.00742470436855
15899,-0.1568456861981513
14458,-0.121642001230029
11611,0.6925505415189193
11369,2.0139607741663283
16045,1.0256002213204116
10891,1.6050756958987549
4008,2.196315542283312
5483,1.6574717812029292
3871,3.034855712940711
7500,2.4815782810144533
1858,5.333949302275414
7239,2.4608082668922044
14642,-0.5305270794976025
5656,2.475241937738076
11860,0.514715487185228
4777,2.036581203032217
4450,1.7224511226093355
17395,-0.8581825160198147
16158,-0.5151850939051883
7818,0.8874885657381384
6449,2.5465576224208597
16889,0.40367640375102454
9852,0.2980991340972192
1427,4.403323432812982
13745,0.236697406477008
13771,3.211838097727828
6280,3.091737726777623
12250,-0.6821640911792066
11110,-0.4601197095613596
13138,0.4587417880948568
1624,6.380189614155306
12065,-0.525099050967766
1626,7.008449775001068
490,10.788777366684801
3942,3.924030984609164
2714,5.5713356694856735
7806,0.6772085559265069
10304,0.9353649372590169
4721,4.122546622614578
2545,3.1739094685200833
8225,1.1484036765608288
11752,1.6881557523877575
9508,0.23578909173046725
7739,2.197223857029858
7189,1.8416431788129977
6768,2.5971032929813944
13927,-0.9899578283257107
6390,1.1212973191622009
11599,0.5354855013074786
8276,0.8342735961379475
17597,-0.923161857426221
13540,-0.6108484064964212
6088,1.5924924397965228
12310,-0.6821640911792066
8852,0.2773291199749668
135,18.084087155896803
16518,0.21683570710129985
2295,3.959234669577288
17501,-1.059456883515411
1617,6.223124573943863
11805,-0.4601197095613596
13253,1.2440669891520635
4350,6.938042405064827
2735,2.9518650869022345
671,14.807489070775862
7566,3.3915235668051587
9181,0.2773291199749668
15810,-0.07376562970915046
14741,0.44430811724898334
10721,0.7782998970475763
8800,1.3884593428107443
16470,-0.15050934292177054
17098,-1.3176132648479228
4316,4.09010166713664
12490,0.544491143623512
17398,-1.403362620376578
17243,-1.8122476986441516
6660,1.2783623593736415
8933,1.3975544155773036
4249,1.879516162820778
10013,0.07605475247937221
7709,3.0565340418095026
11519,2.473480953444959
6171,1.5924924397965228
11360,-0.4601197095613596
5851,2.724392676754551
4628,1.4083210421864543
5123,3.385187223528778
12142,1.50765139901441
7789,0.5201435157150662
231,30.249410936860542
6282,3.740767901745638
2590,6.001080192326018
17708,-0.8933862009879352
584,8.619642460162915
6718,2.3452832549252633
14216,0.5300574727776404
7688,1.0563179777557945
9175,0.5914592003978498
12469,1.50765139901441
8764,1.3379136722502096
7324,4.324818735307247
4261,2.193646243243659
16019,-1.1966602243511435
10462,0.7990699111698252
2442,6.682555322771972
4476,3.6072316051466267
4251,2.4870063095442916
4857,1.8145368214143716
15166,-1.4340465915614047
7136,1.3496780440564287
5708,3.429307120362413
12144,-0.0006889607332514203
17809,-1.5243156608733557
6422,1.1212973191622009
252,3.536679159559892
9994,-0.0810102877320702
14800,0.15094805094835273
5540,7.240408113681493
13840,0.1211723945100669
13973,0.1211723945100669
13525,1.1609869326630609
16625,-1.5549996320581823
16896,-0.41409375278412064
16037,-0.5151850939051883
14580,0.15094805094835273
4421,1.0734209476413223
11140,0.3784204610960362
5858,4.505323088680591
9509,0.6862141982425403
1555,4.918638450280934
10824,0.873054894892265
8982,1.587064411266688
2272,3.1739094685200833
1189,4.6253678144308275
95,10.15951946064197
16611,0.5101957734019322
15846,-0.565730764465723
7848,0.8874885657381384
12263,0.2719010914451303
13799,-0.15141765766831483
12628,-0.6821640911792066
1698,5.627309368576043
14538,0.42353810312673446
15206,-0.7525714611154495
16435,-1.2824095798798005
3369,1.7251204216489917
14346,-0.15141765766831483
1882,6.380189614155306
17509,-1.4891119759052334
7154,2.5971032929813944
15883,0.6609244703369939
17033,-0.22725305613439417
11181,0.1058304089176545
8286,3.03318415909812
12704,0.13560606535594033
7029,1.1095329473559854
11465,1.1429756480309923
1321,7.073429116407478
5334,2.223421899681945
818,17.68520546514233
6421,1.100527305039952
16452,-2.2364747625041357
11991,0.40819611753432206
88,11.7419342345626
5969,2.0429175463085976
7453,0.7421878973329132
12378,-0.8392291313906473
15118,-1.4340465915614047
3514,7.598836951839054
12500,1.6556213664592896
1478,5.345713674081626
17931,-1.8826550685803944
15146,-0.5955064209040088
8398,1.5572887548284022
999,9.494384060985496
17287,-1.6759526725549598
5528,1.5004067409914867
16945,-0.23625869845042757
12718,1.2467362881917161
16982,-0.6866838049625024
4392,6.905597449586885
11330,-0.009694603049284822
12308,-0.5458690650900149
5120,8.633223461462212
15248,-1.413276577439154
2774,5.936100850919612
3413,3.725425916153224
11270,0.5354855013074786
2852,5.150775649862407
2149,2.859779388097202
12577,2.3046515414273046
15452,-0.6162764350262577
7938,1.2223886602832685
5943,1.1212973191622009
15026,-0.2371670131969701
3803,5.358386360634384
11287,1.8984357621993873
6484,3.2163578115111235
16665,-1.5549996320581823
3395,2.64674064879539
1034,11.53622958373423
16670,-0.695689447278534
7012,3.9691486266398606
10185,1.5960700535827215
6326,1.1212973191622009
221,20.41662344590651
210,22.532453952377686
1066,12.792749905425755
7685,1.3704480581786775
6900,1.1926130038449863
712,6.157147487340392
15411,-1.5703416176505947
11263,0.011075411072964059
1661,6.830614720667381
16818,-0.5296187647510617
3888,3.0439507857072705
2610,5.248199946746755
10585,0.07605475247937221
6155,1.5509524115520215
1496,6.027188804527579
4695,6.591467369164004
12379,-0.3680340107563236
8384,0.8342735961379475
16915,-0.9592738571408841
11786,0.514715487185228
4892,7.783008349449126
5624,3.814842315918604
2420,5.426035001080447
17271,-1.2670675942873864
2932,3.7371902879594394
14985,-0.6668221055867924
11096,1.1961906176311814
8706,1.652043752673091
6470,2.839917688721492
8680,3.2226941547875008
11265,0.24212543500684625
8406,1.9246338048514744
5299,1.5004067409914867
15237,-1.7274066578620353
2037,7.479644895635392
17051,-1.433138276814864
14668,-0.877102115398424
15915,-0.9746158427332965
17452,-2.2211327769117233
4034,2.8219064040894217
12509,-0.3680340107563236
12829,0.544491143623512
11282,-0.303054669349919
7735,5.904474779737686
1395,7.011119074040728
9778,0.1410340938857768
17887,-2.291540146847968
13080,0.3432167761279157
14720,0.014653024859160979
15960,1.037364593126627
5144,4.004352311607985
8003,1.2963736440057119
52,34.110149285993614
9933,-0.0810102877320702
14633,0.42353810312673446
13610,1.6321820532973845
1074,8.960878897984422
12863,0.322446762005665
9679,-0.01603094632566382
7340,1.7585631223239986
1038,6.720428306779752
17044,-1.181318238758731
3757,1.6303654238042995
12212,0.9533762218910855
11425,-0.303054669349919
11857,-0.16675964326072723
13509,0.47951180221710565
11610,-0.303054669349919
11131,1.3947956860871216
1727,5.375489330519912
5077,4.484642505008868
6624,1.2783623593736415
4233,3.974576655169699
9306,0.1410340938857768
9791,1.2729343308438033
329,7.377555809317258
14807,0.2872430770375427
8433,1.8714188352512835
2513,6.001080192326018
1053,8.605208789317043
13491,0.18615173591647505
7647,2.784033420081645
7,51.62645106075549
13297,-0.22273334235109843
8693,0.5201435157150662
10663,0.5057098448691946
2858,5.0586005206068485
3377,3.0439507857072705
16113,0.2286000789075171
14914,-0.25793702731922075
12430,-0.21096897054488295
12006,-0.27327901291163315
10654,-0.23807532794351083
5926,2.0013775180640963
15134,-0.4592113948148171
12831,0.743096212079454
10541,0.07605475247937221
12340,-0.6821640911792066
11172,0.24212543500684625
1749,3.6270038740718107
15402,-0.07109633066949428
7435,1.6430381103570575
8025,1.1484036765608288
4680,3.4501665649351843
1223,5.535223669771007
245,23.798069346835774
4300,1.5653860823978931
6972,1.8948581484131921
10043,-0.23807532794351083
3529,3.9863410269759143
8875,-0.01603094632566382
14954,-1.3482972360327476
8891,0.570689186275601
1106,12.77197989130351
17733,-1.5748613314338904
12587,3.2678117968182008
16693,-1.4187046059689905
3858,2.6052006205508853
17508,-0.5350467932808982
11073,1.0066806219418005
2142,4.430429790211612
7533,0.27099277669858957
12104,-0.525099050967766
2490,2.1692091848846893
6639,3.2163578115111235
9235,1.3676893286884955
13342,-0.5900783923741706
9757,1.3975544155773036
7494,2.8164783755595835
6445,2.3155075984869775
14223,-0.8536628022365189
12178,2.1475865012158657
4850,1.5653860823978931
14364,0.1717180650706016
4184,3.2931015247237454
17978,-2.4124931873447455
8637,1.5780587689506511
14278,-0.8121227739920176
11563,0.9028305513305508
16289,-1.857365340674848
14646,-0.121642001230029
11578,0.6717805273966704
4101,3.2424664237126883
12530,0.6807861697127038
15819,-0.42943573837653304
6057,2.2324275419979784
17028,-2.135383421383068
4051,2.4454662812997903
13494,0.8676268663624285
5632,1.9716018616258104
17235,-0.9087281865803494
14049,0.14194240863231933
4356,1.5653860823978931
5086,1.5004067409914867
12352,0.13560606535594033
10672,0.05528473835711978
7186,1.5275130983901164
12647,0.44973614577882337
6597,1.8027724496081525
11362,3.406776121947047
16277,0.3025850626299569
13348,1.5166570413304434
16927,-0.41409375278412064
3091,7.19262117261114
13955,1.8813327923138594
10716,-0.23807532794351083
2447,4.430429790211612
6468,2.273967570242476
4589,2.978971444300864
5104,3.2397971246730286
5652,4.045892339852482
1088,6.038953176333795
4877,1.5004067409914867
12304,-0.3680340107563236
14367,-0.121642001230029
290,14.845362054783635
16413,-0.4438694092224047
11865,0.4939454730629773
8311,1.494978712461652
5074,3.847287271396546
13650,-0.747143432585613
12024,0.7015561838349527
9526,0.2980991340972192
15210,0.3585587617203281
11788,0.4939454730629773
14422,-0.3942320534084107
14357,-0.4032376957244459
2449,3.330974508731522
13223,1.5491019968083855
8874,0.7069842123647909
8623,1.379453700494711
7774,1.5572887548284022
9743,0.4343941601864092
12854,-0.0006889607332514203
13602,1.5698720109306343
17219,-1.1397782105142298
6278,4.526093102802843
2292,5.529885071691698
16599,-0.24526434076646275
1212,11.693294623945668
2887,8.763271574725547
9014,0.2980991340972192
9017,1.2521643167215544
7219,3.592708503850229
13766,0.10040238038781801
9249,1.1158692906323644
614,17.163464673947477
4426,4.131641695381138
916,6.785407648186155
4362,2.300076182444041
1498,11.314185202116384
9027,0.2980991340972192
12462,0.17714609360044165
17952,-1.2869292936630963
10961,2.547465937167402
623,11.666188266547042
378,16.97929327633741
4563,1.879516162820778
6955,1.4444330419011173
4425,2.780366375844924
3342,1.9444955042271808
16295,-0.9033001580505129
9773,2.4048345678018315
2871,7.654721220478901
5721,1.1862766605686055
6069,3.5837028615341957
15985,0.041759382257790634
6802,1.2133830179672351
14424,0.44430811724898334
14087,0.41453246081070105
2211,8.671185875920514
17641,-2.5289265140582273
3024,7.361361154178272
17510,-0.8076368454592799
1310,10.131649864147295
11010,-0.303054669349919
1009,16.50000082813359
8736,3.0773040559317515
3653,1.9444955042271808
6400,0.9642322789507602
17701,-2.3926314879690356
8380,0.5201435157150662
17511,-2.4431771585295703
5841,0.9642322789507602
7384,1.7170230940794973
970,5.798808079633353
12513,1.1727513044692763
13095,0.22769176416097636
4313,4.330246763837081
4050,1.0941909617635712
17827,-1.6606106869625474
8985,0.8432792384539827
16044,-1.0603651982619535
5749,4.484642505008868
5550,2.9879770866168975
7945,0.9290285939826397
16726,-0.6866838049625024
14639,0.44430811724898334
12994,-0.49532339452948015
12461,-0.3680340107563236
15714,-0.8383208166441047
15806,-0.1568456861981513
6033,2.1792125723977875
14655,1.2828482879063792
10790,0.3694148187800028
10376,0.3901848329022535
2122,5.268969960869004
6590,2.691947721276609
10036,-0.0810102877320702
9296,3.6198148612488588
8666,0.8135035820156986
10157,0.6835448992028841
16394,-2.2364747625041357
8930,1.095099276510112
4170,5.85935713770699
13876,-0.44477772396894544
2344,7.708025620529618
3910,2.2586255846500656
17487,-0.9439318715484699
9280,1.157409318876864
8189,1.243158674405521
2327,3.896924627210538
17222,-2.6805635257398315
7505,2.3037432266807656
15289,0.1690487660309472
4799,2.978971444300864
16226,-2.0144303808862887
1458,11.314185202116384
12910,1.4219020434857512
9071,0.9380342362986713
16989,-1.3176132648479228
11337,-0.009694603049284822
7400,1.1926130038449863
14075,1.3478276293127855
9138,0.9055892808207311
10003,2.5709052503293073
16563,0.48942575927968157
17179,-1.3176132648479228
1940,5.333949302275414
4548,7.2197275300097665
15483,0.8829688519548409
5437,3.165812140950589
15620,-1.38350092100087
279,19.065348126370296
8351,3.264234183032002
555,13.290053638261643
16143,-0.65148011999438
1351,2.0473478296413674
4707,1.879516162820778
8301,2.7722690482754295
11088,0.7873055393636097
11376,-0.1875296573829761
2045,8.336285781375384
208,14.741511984172387
9620,0.2980991340972192
3094,2.637735006479353
1107,5.757268051388856
5894,2.0636875604308464
13991,0.9181725369229632
13358,1.4335769848414444
14801,-0.6668221055867924
14969,0.2872430770375427
17463,-0.8581825160198147
1743,4.181279051195133
17580,-1.2165219237268516
2842,4.596500472739084
16395,-0.695689447278534
9254,0.9263592949429817
798,3.4338268341457088
12685,-0.4303440531230738
16492,-1.6082146016583714
7365,1.99870821902444
6408,0.9642322789507602
11398,0.48227053170728595
14614,-0.8031171316759842
17159,-1.5902033170263046
8862,2.698194634102464
476,9.375192004781834
17639,-0.8726161868656863
12617,0.9741462360133344
7330,2.3128382994473213
17433,-0.5855924638414329
9681,0.1410340938857768
15669,-0.42943573837653304
14796,-0.37346203928616184
12610,0.8378512099241444
2939,5.76994073794161
5164,1.6574717812029292
11211,1.2052856903977407
9690,3.913174927549491
2553,1.6032590664056734
13423,-0.9042084727970536
9274,0.1410340938857768
9024,1.7973444210783178
15548,-0.1568456861981513
1989,10.674160669464406
2298,3.645104589154407
6413,2.347952553964916
13533,0.7313318402732385
14632,0.5598331292159244
5715,2.128666901837253
7327,0.4280578169100302
11275,-0.009694603049284822
17786,-1.9332007391409292
11264,-0.4601197095613596
12270,0.8378512099241444
9612,1.1158692906323644
16536,-1.4187046059689905
676,10.566732985066956
13199,-0.43301335216272996
13339,-0.2967183260735382
16129,-1.741840328707907
8145,1.1276336624385799
15005,0.1717180650706016
17789,-1.388020634784164
11433,0.7340905697634188
4800,1.879516162820778
10858,1.439005013371279
16974,-1.1695538669525156
11633,0.1473704371621558
11385,-0.6171847497728002
496,12.359427768799211
1548,11.942445362962147
17372,-2.2211327769117233
2088,3.603564560909902
17239,-2.2003627627894744
12190,-0.525099050967766
16486,-1.1461145537906088
8836,0.9263592949429817
16761,-0.41409375278412064
9160,2.393159626446142
11,50.10634632920162
16688,-0.6009344494338453
11426,-0.4601197095613596
11720,2.1801208871443265
13994,-0.30848269787975546
15269,-0.20739135675868603
7676,2.7957083614373346
4639,6.760207350731136
10850,-0.23807532794351083
3039,4.042225295615761
10016,1.5337600112159713
9285,1.095099276510112
7429,1.832548106046442
13001,0.18615173591647505
4125,4.4457717758040225
14617,0.2872430770375427
15625,0.25203939206942216
16291,-0.65148011999438
14241,-0.18386261314625507
5505,1.9716018616258104
6309,1.5509524115520215
1125,7.452538538236762
4566,1.5653860823978931
8931,0.45516417430865985
8371,0.9913386363493881
2110,5.372820031480256
6714,1.6845781386015588
7939,1.8830937766069766
551,9.38419764709787
4876,1.43809669862474
13929,0.236697406477008
7318,1.6222680962348086
15171,-0.343686382847876
3792,2.101560544438623
15197,0.3377887475980774
15314,1.0075889366883413
5327,1.6574717812029292
327,23.0632898163391
638,13.393903708872894
5774,2.4102625963316697
13357,0.8883968804846791
3334,2.2586255846500656
8354,2.2387638852743557
15848,0.11574436598023041
12754,1.6556213664592896
5588,3.2397971246730286
17776,-2.205790791319311
14824,0.9894882216057468
11218,-0.14598962913847657
11965,-0.525099050967766
15417,-1.0043914991715823
6114,3.0060778016994902
1988,5.156114247941719
5110,4.6417075452203065
1560,11.586775254294764
11677,0.6925505415189193
6204,4.944073253836972
11977,0.020081053388999237
6997,4.158658622329245
11346,1.7413707219879448
4882,2.128666901837253
7996,1.6195987971951524
16250,-0.78777514608357
5283,1.7729967931698702
3287,10.019791896417075
4938,2.475241937738076
1596,3.5530188903493674
15069,0.20149372150888745
336,6.728525634349243
7978,0.8135035820156986
532,6.73486197762562
35,35.79899399911462
7257,2.031153174502382
13129,-0.5900783923741706
13908,-0.655057733780577
17131,-1.433138276814864
10605,-0.0810102877320702
15965,-0.1568456861981513
899,11.559668896896131
4758,1.0941909617635712
7828,1.3379136722502096
2899,5.612875697730171
16998,-0.7724331604911576
11393,0.9443705795750521
7402,1.014777949511295
269,25.368719748950184
3628,2.101560544438623
6341,1.2783623593736415
2622,6.261905872698186
2291,3.4880395489429645
6199,2.075362501786536
8191,2.2179938711521068
4744,1.7224511226093355
10980,0.24212543500684625
15629,-0.565730764465723
5525,2.558321994227075
9458,1.554619455788746
17247,-0.9529375138645033
10886,1.187184975315148
2203,4.231824721755668
11278,-0.303054669349919
10923,0.1058304089176545
17144,-0.4998431083127759
3309,1.4733003835928606
14870,0.9894882216057468
4910,2.7569270626830154
6188,2.47257263869842
9032,1.5247543688999343
17859,-1.251725608694974
6407,3.2371278256333724
14428,-0.25793702731922075
3577,4.804111183511061
558,8.210757381895345
1010,6.038953176333795
6905,1.2133830179672351
10413,2.120480143817236
14073,1.8605627781916105
3142,8.208996397602224
11950,1.91653647728198
14899,0.035423038981411636
537,9.615247671031753
5228,1.1655066464463566
1134,4.6253678144308275
13013,0.3432167761279157
3935,2.2586255846500656
12909,-0.0656683021396578
2811,2.009474845633587
14497,-1.054937169732117
11729,1.8244507784769475
5538,3.228122183317339
15301,0.12750873778644767
8044,1.652043752673091
8438,0.9913386363493881
6479,2.0429175463085976
7833,0.6772085559265069
15989,-1.38350092100087
3180,4.575730458616835
1717,11.406270900921417
9940,0.7575298829253256
14404,-1.3482972360327476
17286,-1.1307725681981964
5718,2.632306977949515
17702,-1.3022712792555087
3170,4.7535655129505265
5293,3.595467233340411
1067,9.432074018618746
15351,-0.4592113948148171
7269,1.6430381103570575
11291,1.551860726298564
13713,-0.5810727500581372
17427,-1.1100025540759457
7795,0.9913386363493881
7309,1.3704480581786775
8416,1.4417637428614611
17737,-1.5748613314338904
1531,8.329949438099003
920,6.492047581885526
324,12.79175216022869
890,13.485989407677927
10124,0.736759868803075
17697,-2.6652215401474173
13331,2.008622176087016
17788,-2.7509708956760743
10601,1.1664149611928991
15907,0.2935794203139235
14884,0.035423038981411636
14168,-0.96918781420346
9404,0.958804250420922
8536,2.090793917829476
469,12.338657754676962
7355,2.8164783755595835
11923,1.5934007545430653
7476,3.172148484226966
1792,3.0818237697150472
10822,1.0093499209814567
649,19.341605222785397
14303,-0.5603027359358883
14479,-0.25793702731922075
2829,3.2659951673251157
10725,0.46416981662469325
900,8.459908120911816
7442,2.031153174502382
5393,1.8145368214143716
4931,2.9139921028944578
17507,-0.9439318715484699
2976,3.580125247747997
2686,4.765240454306216
9731,0.5914592003978498
719,5.214757246071748
12828,-0.6821640911792066
17468,-1.2165219237268516
10940,0.8080755534858604
10162,0.7782998970475763
1710,4.024214010983691
5256,2.128666901837253
13093,-0.9042084727970536
16923,-2.1859290919436027
11800,0.3784204610960362
13949,0.550827486899891
6555,2.0636875604308464
872,4.702022097192927
16290,-0.65148011999438
1622,9.145050295594494
12146,-0.525099050967766
5440,1.7522267790476214
12931,-0.9042084727970536
13403,-0.3590283684402884
596,15.038539094709744
17089,-1.569433302904054
14235,0.9181725369229632
16266,-2.0144303808862887
7964,0.5201435157150662
9406,1.2521643167215544
13158,0.8974919532512402
9708,1.095099276510112
9955,2.319085212273176
4616,2.5077763236665405
15393,0.7466738258656509
3641,7.044561774715735
5040,2.5998620224715765
15336,-0.7525714611154495
14821,-1.3482972360327476
1594,7.689924905447025
7804,1.5988287830729035
12028,-0.6821640911792066
11710,0.651010513274418
1527,4.403323432812982
9486,0.5499191721533485
3857,2.7298207052843857
9205,1.4507693851774945
10933,-0.16675964326072723
7935,4.772574542779662
12210,0.23945613596719006
3895,2.803805689006829
8895,0.2565591058527179
9283,2.36329453955733
15588,-1.7923859992684417
8082,0.1852434211699343
1022,5.149777904665342
9788,0.7069842123647909
7043,1.8416431788129977
6453,3.877062927834828
11103,-0.14598962913847657
2198,6.158145232537461
7644,1.6430381103570575
12305,-0.525099050967766
3920,3.861720942242414
14534,-0.3942320534084107
13485,2.177362157654148
5162,0.7150815399342836
10317,-0.0810102877320702
7146,2.4699033396587637
7283,0.7421878973329132
4560,1.4083210421864543
15087,1.164653976899782
1097,9.422978945852186
16705,-0.6866838049625024
7906,5.045164594958042
7768,1.5572887548284022
8397,4.239069379778591
10171,-0.23807532794351083
9513,0.4343941601864092
1004,11.201329489189096
2977,6.3034459009426875
7513,4.336493676662936
12197,1.812686406670732
16237,0.3441250908744582
6886,0.8992529375443539
11435,-0.14598962913847657
10763,0.736759868803075
10470,0.7043149133251347
12878,-0.9042084727970536
6617,3.791403002756695
1660,5.28073433267522
5910,1.5301823974297726
438,14.537568317637131
3974,6.499381670358968
9815,-0.01603094632566382
6580,0.8071672387393178
16348,0.11307506694057601
10506,-0.23807532794351083
6207,3.1631428419109326
15326,-0.07109633066949428
12032,-0.2525089987893825
783,17.015405276052068
17865,-0.4339554521598288
14910,-0.7823471175537353
17615,-1.6254070019944251
2064,4.430429790211612
3139,7.5807362367564615
4171,3.900591671447259
14732,2.100618444441526
2668,5.266300661829348
17259,-0.8581825160198147
16385,-0.8735245016122271
7307,0.9524679071445448
5793,7.960753973332292
4410,2.978971444300864
6848,0.7421878973329132
14347,0.5300574727776404
15643,-0.2931407122873413
3728,2.101560544438623
14829,-0.5305270794976025
15382,0.08596870954194635
17504,-1.2165219237268516
16973,-0.41409375278412064
5147,3.3228771811620312
8010,0.4786034874705649
811,8.93110324154614
15367,-0.7525714611154495
11430,1.939975790443885
15062,0.0651986954196957
15238,-1.1406865252607723
13558,0.24846177828322524
5006,1.9716018616258104
11446,1.6141707686653142
8997,0.6654441841202896
9135,0.4343941601864092
7682,1.8740881342909397
954,12.32155478479143
7148,0.7006478690884119
3643,2.551985650950698
4886,2.579092008349324
15175,-0.5955064209040088
5438,1.6574717812029292
7596,1.3081380158119273
11674,0.4939454730629773
4865,2.2857319420486917
13418,1.024691906573869
4005,4.469211088965928
12318,-0.11621397270019251
4529,3.2723315106014965
6681,2.564658337503456
7615,0.4280578169100302
8155,1.1484036765608288
14723,-1.3690672501549983
2492,3.4880395489429645
7313,3.717328588583733
16288,-1.3329552504403352
15022,0.9687182074834979
13067,-0.9042084727970536
1358,12.078740389051337
6927,2.1557732592358825
17583,-0.6713418193700882
10548,2.894130403518748
1848,5.333949302275414
5300,7.302718156048247
5907,1.2783623593736415
1730,2.3912535665025345
17648,-1.9837464097014639
9720,0.41362414606415854
8769,1.7883387787622844
17269,-0.7218874899306229
12443,-0.525099050967766
8436,0.6772085559265069
14894,1.1465532618171892
7705,4.8050194982576
11237,0.7873055393636097
9651,1.4299993710552457
4482,0.9371259215521306
16689,-1.827589684236564
3996,3.0439507857072705
2364,6.608570339049532
13004,0.09139673807178461
14716,1.1673232759394399
4597,2.6765163052336725
11560,0.766535525241359
12557,1.4868813848921576
11407,-0.20829967150522677
5261,5.269967706066069
11832,1.8452207925991964
12196,1.3505863588029676
5211,2.128666901837253
9634,1.7973444210783178
3675,1.9977104738273752
17565,-0.6713418193700882
11240,0.39919047521828865
5682,4.140647337697175
4692,1.9742711606654666
510,11.731167607953445
12894,0.9507069228514293
1241,8.288409409854502
6396,3.133277755022121
14763,-0.3942320534084107
3550,1.9444955042271808
9451,1.3676893286884955
717,6.921702674275345
9066,0.41362414606415854
5782,1.959837489819595
772,6.889257718797406
2580,3.4880395489429645
11770,0.8080755534858604
14119,0.9181725369229632
9364,0.2980991340972192
8151,1.7558938232843424
8661,2.511353937452739
3709,4.196621036787548
12684,-0.27327901291163315
7472,1.3704480581786775
12312,1.0156862642578357
4600,2.916661401934114
7972,1.3054687167722712
4447,3.115266470390054
2644,6.4072959715539355
1372,3.460933191544335
15191,-0.20739135675868603
16201,-0.20105501348230526
14822,-1.2120022099435577
8270,1.5988287830729035
2326,3.950139596810729
6074,1.906622520219404
8719,1.6935837809175922
1057,19.987876668263233
379,9.283106305976801
1497,7.461544180552799
17249,-1.403362620376578
150,8.680954757332596
8596,2.1024688591851657
13858,-0.15141765766831483
11667,-0.14598962913847657
3505,3.9357059259648537
9707,0.1410340938857768
11239,0.3784204610960362
17381,-0.17670738557385945
3635,6.028186549724648
3236,9.391531735571313
1609,7.322579855423953
11219,0.651010513274418
340,14.466252632954351
17080,-1.5902033170263046
9769,1.2937043449660521
12625,-0.5458690650900149
11523,0.3252054914958453
13412,-0.7679134467078619
16258,-0.65148011999438
8715,0.9290285939826397
7960,1.0860936341940803
16241,0.029995010451575155
10661,2.360625240517674
10283,2.3723001818733636
123,28.954109316414694
6025,0.4930371583164366
2767,2.323604926056472
14727,-1.3482972360327476
5965,2.7568376322324895
3660,3.7046559020309715
16142,-1.3329552504403352
7305,0.4280578169100302
17280,-1.403362620376578
5491,2.5375519801048263
5722,2.1818818714374437
8841,0.7069842123647909
5480,4.182187365941672
13993,0.5092874586553897
15260,-0.3229163687256271
6567,3.2371278256333724
15138,-0.6162764350262577
7202,0.5851228571214708
17912,-1.7463600424912027
11169,-0.4601197095613596
16963,-0.41409375278412064
9865,2.247769527590389
5419,4.632612472453751
13127,1.2440669891520635
13374,-0.6316184206186701
3770,5.222091334545194
892,10.815883724083431
17941,-1.559519345841478
1324,6.445168955561712
7632,1.3704480581786775
3301,1.787430464015742
17795,-2.7509708956760743
11648,1.0598955915419914
1290,5.345713674081626
15189,1.585213996523045
16403,-0.3283443972554636
4722,2.015811188909968
17791,-1.7969057130517374
7417,1.0563179777557945
5703,5.6788527843336425
17229,-1.4539082909371128
16022,-1.8781353547970987
12221,-0.3680340107563236
154,25.590764130568033
561,14.819164012131548
9814,0.45516417430865985
2073,7.8975356162190025
3267,6.241135858575934
7678,1.4444330419011173
5532,2.4544719236158237
1725,9.050295297749802
2652,3.1089301271136733
8883,1.880424477567317
10870,0.05528473835711978
7089,2.0934632168691323
9121,1.4092293569329932
11878,0.5354855013074786
3361,2.4156906248615044
14176,-0.44477772396894544
8214,3.6938892754218244
7071,1.3704480581786775
4650,3.764296645358069
17595,-2.3068821324403803
17430,-0.17670738557385945
4213,5.305081960583667
3930,2.101560544438623
7679,1.915628162535441
17428,-1.8122476986441516
15827,-0.7020257905549148
11798,0.965140593697301
10584,0.6004648427138832
14966,0.5806031433381751
11014,1.4895506839318138
8711,0.8342735961379475
16268,-1.1966602243511435
9545,0.45516417430865985
15822,-1.1109108688224882
8720,3.296679138509944
8974,1.723359437355878
5864,1.1212973191622009
1459,11.094810119538192
14013,1.504892669524228
14322,0.236697406477008
7385,2.6801833494703935
1809,2.453563608869281
16112,-0.18028499936005637
13819,-0.03589264570137374
16548,-0.7372294755230353
16140,-0.9240701721727618
3936,10.532437614845374
14848,-0.121642001230029
17126,-1.7264983431154945
8701,0.2060134352921832
12660,0.7015561838349527
9820,0.1410340938857768
1238,3.303868151332896
3279,2.480669966267911
14990,-0.939412157765176
7794,1.1484036765608288
10264,-0.23807532794351083
4315,3.838281629080509
13673,-0.20196332822884777
16196,-1.3121852363180846
9009,1.4507693851774945
10547,0.0345147242348709
13827,0.37299243256619974
6299,1.2783623593736415
11138,-0.303054669349919
9134,0.3928541319419079
6029,2.190887513753477
3494,5.411601330234571
14854,0.014653024859160979
9930,1.7115950655496626
5109,3.1774870823062784
14663,-0.25793702731922075
12895,0.07062672394953395
11743,1.0598955915419914
7702,1.515748726583901
1250,11.346630157594323
4764,1.3667810139419565
5892,4.054897982168519
13452,-0.747143432585613
17730,-0.7570911748987452
477,5.762696079918694
12932,0.5950368141840467
10277,-0.23807532794351083
10859,0.8613799535365754
2519,8.567335805309263
16615,-2.2364747625041357
4858,3.5422522637402203
8049,1.8298788070067857
14245,0.9389425510452121
14336,-0.1721876717905637
17345,-0.17670738557385945
3215,2.1665398858450295
4530,5.764602139862301
9142,1.0834243351544224
13550,-0.13965328586209758
3441,1.787430464015742
13632,-0.747143432585613
1960,5.8791294066321775
387,22.005374563103516
17814,-1.1154305826057822
1901,9.835620498807007
3667,3.212690767274399
6497,2.53488268106517
11339,1.1961906176311814
3258,4.365450448805202
13635,0.5950368141840467
10153,1.2819399731598402
10241,0.3901848329022535
15593,0.4091044322808628
12799,-0.6821640911792066
9785,1.3469193145662466
14596,-0.6668221055867924
16211,0.050765024573824036
4440,2.6648413638779793
14750,-1.191232195821307
13802,1.1907625891013467
14325,-0.44477772396894544
10981,0.6302404991521691
4733,3.230791482356995
7582,2.807383302793024
13666,-0.08643831626190668
11724,-0.4601197095613596
13478,-0.6108484064964212
10365,0.873054894892265
12107,0.29267110556738096
3475,1.787430464015742
17306,-1.8122476986441516
2578,4.285039691355859
10220,-0.23807532794351083
101,31.069939822885864
17841,-1.6606106869625474
6332,1.1212973191622009
17217,-1.8627933692046863
2924,3.162145096713868
9999,1.7531350937941603
4131,1.5653860823978931
11083,0.7133205556411699
1393,10.85466502283775
1707,3.6270038740718107
10066,1.050889949225958
3011,5.779035810708169
14911,0.19248807919285404
938,5.25362797527659
15861,0.49218448876986365
17026,0.45422207431155925
9503,-0.01603094632566382
11055,1.0391255774197408
10492,-0.0810102877320702
3424,2.196315542283312
7684,1.0563179777557945
156,19.308162522110393
2,49.85085924690876
5053,4.327577464797425
7093,2.4400382527699556
9287,1.2521643167215544
16512,-1.2824095798798005
5647,3.6993173039516627
2228,4.587494830423051
15433,-0.7525714611154495
13922,-0.1721876717905637
6018,1.5509524115520215
17086,-1.4539082909371128
3295,4.679580529228083
5493,2.380486939893384
7871,5.590344699314805
6420,2.1584425582755387
341,14.309187592742909
10435,0.19157976444631153
16994,-1.569433302904054
11953,-0.6821640911792066
6008,0.9642322789507602
14227,1.777482721702608
30,32.19826244605769
6791,1.2133830179672351
10353,0.873054894892265
10550,0.19157976444631153
1873,3.3959538501379285
11474,0.4407305034627882
5698,4.066662353974735
495,12.359427768799211
16110,-0.24259504172680657
12773,-0.0006889607332514203
14174,0.8026475249560221
17765,-0.8726161868656863
5397,1.9716018616258104
13755,0.1211723945100669
16371,0.8568602397532796
15994,-0.9746158427332965
7333,1.6845781386015588
4134,3.5241515486576276
12505,1.4453413566476563
10099,1.071659963348207
16215,-0.9240701721727618
7238,1.8533181201686872
9302,0.2980991340972192
7091,1.6845781386015588
16806,-1.913339039765221
878,3.1936817374452673
15329,-0.8888664872046395
16020,-0.1063000156376166
9278,0.6122292145201005
1181,5.410693015488032
16126,-2.0144303808862887
518,16.443118814296675
4742,2.350711283455098
17233,-1.5902033170263046
10039,1.302709987282089
5947,1.2783623593736415
1663,6.223124573943863
27,38.48086405451533
6327,2.389492582209421
14043,0.7078925271113317
9117,1.3975544155773036
1890,5.197654276186221
16552,-0.05575434507708188
4808,2.978971444300864
13586,-0.7679134467078619
12187,0.7015561838349527
12112,-0.6821640911792066
4187,1.879516162820778
1721,6.830614720667381
5412,6.42263795714635
9747,0.2773291199749668
8928,0.1410340938857768
8348,1.0237835918273284
6676,1.0563179777557945
14157,-0.83289278811427
7294,0.27099277669858957
8569,0.9913386363493881
3810,4.771666228033119
11451,1.1961906176311814
10610,0.07605475247937221
4770,2.8219064040894217
15397,0.3585587617203281
14471,0.42353810312673446
10711,0.3901848329022535
12962,0.18615173591647505
2727,3.3399801510475555
13715,-0.6758277479028276
16190,-2.1714954210977293
1481,15.220041193280156
15258,-1.1406865252607723
7175,1.8208731646907488
17192,-1.0450232126695393
17640,-1.5748613314338904
11068,0.28366546325134756
2930,5.02615556512891
47,43.94293677694764
8203,0.6772085559265069
11723,1.8867608208436977
5220,2.338946911648886
12600,-0.38880402487857424
14033,-0.8121227739920176
821,7.256602768820478
4394,4.5496218464152705
6993,1.7910080778019406
10427,0.5264798589914435
7411,1.4859730701456186
15821,-0.8175508025218559
5578,9.670368700575548
129,14.963556365790236
15759,0.5453994583700528
11592,-0.14598962913847657
3425,3.5151459063415906
7890,0.9913386363493881
3290,3.423060207536558
9840,1.9336394471675078
12228,-0.2525089987893825
46,30.728703385064357
898,6.711422664463715
14062,0.5300574727776404
10295,1.071659963348207
9022,2.1322445156234515
7381,3.361658479916347
13711,-0.5395327218136359
7687,1.0563179777557945
13687,0.8026475249560221
15783,-0.13607567207590066
13443,0.8883968804846791
10251,-0.0810102877320702
2232,2.5456493076743207
1703,4.234494020795324
7201,0.7421878973329132
11946,0.5652611577457627
17544,-2.4431771585295703
14715,-0.5305270794976025
15313,-0.16585132851418471
11983,-0.0006889607332514203
15123,-0.7525714611154495
17547,-0.8076368454592799
13220,1.6853970228975754
14890,0.6013731574604257
11332,2.3280908545892096
17920,-1.337474964223631
16108,0.029995010451575155
12465,-0.11621397270019251
9115,0.7069842123647909
1529,9.681224757635224
2253,6.881160391227915
5586,3.6993173039516627
6193,4.158748052779767
8317,3.830184301511018
3415,1.787430464015742
2223,3.802169629365846
9755,2.256864600356952
5126,3.868057285518791
6116,1.8858525060971552
2812,3.7371902879594394
10629,1.323480001404338
6152,1.7612324213636548
5663,1.3433417007800479
4371,3.4501665649351843
3141,7.717031262845655
13043,0.22769176416097636
1388,5.659843754504507
7717,3.966479327600208
16305,-0.3788900678159983
11876,1.080665605664242
1966,7.479644895635392
14114,0.43530247493294993
15881,-1.1109108688224882
10223,0.5796948285916343
8751,2.5944339939417382
8753,1.6105037244285931
6469,1.9806075039418474
1061,5.410693015488032
8929,0.8432792384539827
10922,-0.303054669349919
715,5.59119736886138
9704,1.157409318876864
7027,3.0981635005045263
17451,-0.15593737145161057
2639,4.679580529228083
17951,-2.649879554555005
5005,2.223421899681945
5651,2.475241937738076
6325,3.625242889778697
6923,1.8416431788129977
11624,-0.14598962913847657
7035,1.0563179777557945
11021,-0.303054669349919
17416,-1.2670675942873864
15425,-0.8888664872046395
9709,1.3884593428107443
10866,0.3278747905355015
15023,-0.5305270794976025
8859,0.9263592949429817
6559,2.075362501786536
5140,3.8563823441631015
1033,12.573374822847565
593,14.273983907774785
17693,-1.7111563575230821
3933,1.4733003835928606
1915,1.982368488234961
5367,2.7569270626830154
11664,0.5354855013074786
16487,-0.7372294755230353
2093,2.7027143478857596
17230,-0.7724331604911576
6214,2.9022277310882387
9412,0.7069842123647909
4864,3.5422522637402203
1826,1.8253034480235186
13160,0.322446762005665
15828,-0.2723706981650924
751,13.402909351188928
13198,-0.747143432585613
16392,0.3531307331904916
8938,0.45516417430865985
12230,-0.09544395857794008
4400,3.4501665649351843
7197,2.555563264736893
1702,6.317879571788556
8717,2.1232388733074146
3932,2.709050691162137
3867,2.0807905303163743
17551,-1.3528169498160434
2810,3.1829151108361167
3745,2.2586255846500656
2627,7.287376170455833
7612,0.9732379212667936
2265,3.330974508731522
3458,4.092770966176296
5376,2.442796982260134
5316,6.893833077780673
4674,8.111482670267357
12374,-0.23173898466713183
9797,-0.01603094632566382
15422,-0.20739135675868603
10783,0.46416981662469325
6427,2.0636875604308464
14878,-0.939412157765176
17491,-2.0342920802619986
4710,1.7224511226093355
15561,0.17805440834698238
4336,2.036581203032217
7241,0.8992529375443539
14626,0.035423038981411636
3089,7.1718511584888915
16530,-0.19204937116627185
6954,0.8992529375443539
11904,0.9859106078195516
12601,1.2675063023139685
8664,1.46253375698371
3077,5.592105683607922
12211,0.3342111338118823
14376,-0.6460520914645436
15121,0.3377887475980774
13181,0.07062672394953395
8582,1.8921888493735324
11325,1.332485643720375
5527,5.145347621332569
1248,7.1798590556078565
2169,3.781399615243597
881,5.4341323286499374
10169,1.1664149611928991
124,21.88618250689985
11153,0.5562555154297293
9961,1.6583800959494717
12491,0.2719010914451303
2392,8.389500750975571
14455,-0.6668221055867924
5124,3.5422522637402203
12919,0.8676268663624285
2518,1.6032590664056734
14965,-0.25793702731922075
17559,-1.0802268976376617
10481,0.19157976444631153
14139,-1.1262528544149006
6059,0.9642322789507602
14579,0.014653024859160979
2917,4.617270486861337
17207,-1.4539082909371128
2148,5.215754991268813
2356,3.959234669577288
90,30.746804100146953
17284,-1.403362620376578
14297,0.5092874586553897
103,10.767009607365488
16754,-1.6407489875868393
8907,1.912869433045259
493,18.013769216411085
11927,0.1058304089176545
17180,-1.569433302904054
10551,-0.0810102877320702
5394,4.149742410463734
9771,0.1410340938857768
6501,1.435427399585084
12300,0.7015561838349527
9729,0.6122292145201005
11722,-0.303054669349919
5562,2.5375519801048263
2415,3.1739094685200833
7943,0.3630784755036238
10320,0.07605475247937221
1860,2.746923675169917
6447,3.2072627387445642
13859,-0.30848269787975546
6870,0.7421878973329132
10225,0.3278747905355015
4252,2.036581203032217
14963,-0.939412157765176
4242,6.19425723225212
12050,0.8170811958018938
17796,-2.069495765230119
2572,2.7027143478857596
8533,0.5201435157150662
5619,4.327577464797425
16660,-0.19204937116627185
17459,-1.8122476986441516
15294,-1.413276577439154
4588,4.771576797582593
9308,0.6122292145201005
654,8.524887462318226
7824,0.04894839508074256
15284,-1.5703416176505947
11649,-0.05123463129378614
3043,2.637735006479353
11327,0.6393355719187266
15922,0.5246294442478039
17052,-0.7724331604911576
11637,1.2377306458756827
17541,-1.4891119759052334
12170,0.6807861697127038
9875,0.3071047764132526
14190,1.1790876477456536
10507,2.224330214428484
17699,-1.5748613314338904
11962,1.6439464251036
11806,1.0066806219418005
12802,0.13560606535594033
9697,-0.01603094632566382
13155,-0.9042084727970536
1062,15.359005518409003
6194,0.9434622648285096
9533,0.5499191721533485
4495,3.746106499824947
6499,0.9226922507062589
15940,0.25203939206942216
1510,4.089193352390101
973,11.337624515278286
11935,0.6717805273966704
5304,1.3433417007800479
4986,4.045892339852482
926,7.799113574137586
1881,13.104121256358457
5786,1.571722425674274
9474,0.1410340938857768
1786,4.652474171829457
16134,-0.9240701721727618
10271,-0.23807532794351083
5010,1.3433417007800479
6790,3.015083444015527
15384,0.20149372150888745
16366,-1.0395951841397029
6304,2.691947721276609
646,10.88086306548984
8741,2.721633947264369
11107,1.1222056339087416
12934,-0.3382583543180395
4334,6.591467369164004
14383,-1.0341671556098646
9521,0.45516417430865985
17864,-3.5687410522112195
2874,4.522515489016644
1961,9.20736033796124
16983,0.18163202213317753
8657,2.1024688591851657
8310,1.2639286885277699
7299,0.564352842999222
4234,1.4083210421864543
10415,1.5013150557380293
5643,3.6902222311851034
7673,2.3037432266807656
3941,2.4156906248615044
11091,-0.32382468347216786
4905,1.5004067409914867
14074,0.10040238038781801
15878,-0.9538458286110476
6875,1.0563179777557945
549,6.20135681462455
10681,0.3278747905355015
14785,0.014653024859160979
3686,5.494681386723574
16576,-0.05575434507708188
7252,1.8740881342909397
4020,3.4501665649351843
1841,8.73616521732692
15338,-0.47998140893706776
10350,1.2819399731598402
5825,1.3315773289738324
8067,0.5201435157150662
5666,1.9716018616258104
12561,-0.21096897054488295
9976,-0.0810102877320702
15910,-0.42943573837653304
4638,3.2100214682347428
5705,2.338946911648886
11419,1.080665605664242
1315,5.502778714293068
10280,0.8938249090145174
1506,7.073429116407478
3878,3.0439507857072705
16084,-0.4944150797829394
381,12.895602230839941
370,6.9271307028051865
16127,0.029995010451575155
8881,0.3928541319419079
13573,-0.4745533804072295
7379,5.047833893997701
170,24.805438929510828
16624,-0.6009344494338453
14575,-0.25793702731922075
10215,-0.23807532794351083
5087,1.6574717812029292
6777,0.4280578169100302
12119,-0.3680340107563236
6999,2.1557732592358825
17012,-1.1605482246364822
6851,0.8992529375443539
15447,-1.4340465915614047
6610,1.2783623593736415
14088,1.001252593411964
1039,12.478619825002873
6183,1.1212973191622009
10410,2.1412501579394814
15469,-0.6162764350262577
5827,4.357353121235711
16999,-0.7101231181244074
2522,3.330974508731522
15855,-0.5449607503434741
2785,3.517815205381247
17735,-1.5748613314338904
10918,1.080665605664242
17263,-1.8122476986441516
13623,0.8883968804846791
4815,2.5077763236665405
3328,1.3162353433814182
9734,1.995949489534258
2005,2.767693689292166
5728,2.5998620224715765
4260,2.036581203032217
1262,12.41364048359647
891,8.459908120911816
7085,2.837248389681836
509,20.212679779371257
7310,1.2133830179672351
1745,9.050295297749802
3886,3.0439507857072705
6474,2.1169025300310373
12817,1.1104412621025261
7749,1.652043752673091
11661,-0.303054669349919
15993,-1.7923859992684417
2667,4.712025484706025
225,16.73014253732093
17000,-1.4539082909371128
2358,6.786405393383223
15116,-0.7525714611154495
14229,0.3405474770882595
6353,3.5421628332896944
7413,1.2133830179672351
7855,2.1024688591851657
15516,-0.20739135675868603
11810,-0.009694603049284822
10057,0.5264798589914435
11668,2.6422209350120944
14265,0.5715975010221417
3921,1.787430464015742
12322,0.020081053388999237
14272,0.8234175390782728
385,8.497781104919596
14607,-0.48898705125310116
3404,2.688280677039888
7068,3.015083444015527
246,14.510461960238505
1979,2.924758729503605
2446,5.017149922812873
11195,-0.14598962913847657
261,21.71468379584254
6319,2.3778176408537277
15067,-0.07109633066949428
5865,0.9642322789507602
12875,-0.49532339452948015
13167,1.4335769848414444
2777,6.564361011765374
11053,2.7992859752235333
17380,-1.403362620376578
10814,1.8271200775166
14134,-0.6758277479028276
4871,3.533157190973661
6816,1.4444330419011173
16047,-0.7670051319613211
2116,7.257600514017547
15293,-1.413276577439154
16347,-0.9240701721727618
14014,2.3226628260593714
13252,0.049856709827283296
7896,1.0860936341940803
8037,2.1024688591851657
3311,5.882796450868895
16120,0.16629003654076513
5187,2.2857319420486917
9307,1.9544094612897567
17748,-0.6207961488095535
12003,0.7015561838349527
6505,1.435427399585084
17421,-1.5396576464657699
3856,1.9444955042271808
7742,2.247858958040915
11631,1.1961906176311814
15635,-1.2472058949116782
4302,1.0941909617635712
1162,10.563974255576774
7899,0.6772085559265069
3122,6.187920888975743
14187,2.6874280074933132
7648,1.1926130038449863
17441,-1.6759526725549598
3115,9.705661815994194
7104,0.9732379212667936
6306,2.357047626731479
1810,9.678555458595564
1222,7.230494156618917
13107,0.20692175003872393
16948,-0.6866838049625024
13517,-0.747143432585613
790,6.533587610130024
5639,4.119877323574926
8353,1.8830937766069766
8889,0.1410340938857768
1030,12.164489744579992
9498,0.45516417430865985
10717,0.07605475247937221
13787,-0.96918781420346
9696,0.2980991340972192
5646,6.62124302560229
12897,1.4751170130859421
7293,2.3660532690475122
16666,-1.6912946581473722
15504,-0.8265564448378893
16904,0.21416640806164366
11351,0.828845567608111
8505,0.8342735961379475
4893,1.4173266845024912
13077,-0.747143432585613
8131,0.8342735961379475
14698,0.15094805094835273
13015,-0.5900783923741706
5282,4.7065974561761905
9867,0.41362414606415854
7602,1.0563179777557945
1584,6.602233995773155
919,7.748567903577051
3659,3.1179357694297103
16016,-1.3329552504403352
12901,0.6158068283062974
17138,-0.0909580300452042
12681,1.1519812903470275
17341,-1.6759526725549598
3174,5.150775649862407
13627,0.9299369087291804
7477,1.014777949511295
8795,-0.01603094632566382
2478,2.3885842674628783
4684,2.38315623893304
11960,0.7015561838349527
5577,2.0871268735927515
8901,1.5455243830221868
9328,-0.01603094632566382
484,7.961606642878866
16682,-1.2408695516352992
4881,3.731762259429601
9476,0.5499191721533485
15349,-1.1406865252607723
14843,0.6221431715826764
10573,0.7159898546808243
15601,-0.42943573837653304
11289,1.0482206501863
5912,0.9642322789507602
16753,-1.095568883230074
2349,4.19028469351117
16472,-2.1001797364149457
8777,0.1410340938857768
11587,-0.14598962913847657
3900,4.113540980298545
10827,0.07605475247937221
7376,0.8992529375443539
7862,7.107780131829024
6009,2.7451626908768
15309,0.8829688519548409
3854,4.614601187821677
2525,4.388889761967107
8585,0.8874885657381384
927,5.5262180274549735
4841,5.157111993138788
9803,1.723359437355878
1289,8.801144558733327
16743,-1.211093895197017
2494,1.7603241066171158
5953,2.0636875604308464
7157,1.5807280679903073
6616,2.7659327049990488
9342,1.723359437355878
17007,-0.9087281865803494
17806,-1.251725608694974
17939,-2.513584528465815
5114,2.8309120464054587
13613,1.7269370511420767
9084,4.885430255706947
8446,2.1855489156741648
6596,1.5509524115520215
3463,7.003021746471234
6537,1.7495574800079652
15174,-0.7525714611154495
17560,-1.7617020280836169
16830,-0.1415037006057389
6379,3.0060778016994902
1948,4.474639117495766
5845,3.477272922333814
9581,0.2773291199749668
8190,2.7190540786752386
13503,0.049856709827283296
5713,3.385187223528778
17932,-2.018950094669586
10583,0.07605475247937221
7149,2.0103831603801297
10726,4.686735756800481
17907,-2.155245120758776
6356,1.8027724496081525
17130,-1.0450232126695393
10759,0.23311979269081284
7876,0.6772085559265069
8705,0.9913386363493881
14051,-0.8536628022365189
17522,-1.3528169498160434
1526,7.159089041485608
13248,0.7521018543954874
9470,0.6122292145201005
22,40.32410450880813
10609,-0.23807532794351083
12302,1.6348513523370407
11509,0.6717805273966704
5783,3.918602956079326
4771,1.5653860823978931
2137,3.330974508731522
3633,3.5151459063415906
8295,5.4955897014701165
9919,-0.0810102877320702
1552,10.822220067359808
3944,1.787430464015742
17266,-1.1307725681981964
5490,2.9048970301278985
14296,-0.30848269787975546
9454,0.12026407976352615
17778,-1.1154305826057822
3865,4.448441074843679
12821,-0.38880402487857424
5935,1.2783623593736415
8264,1.1276336624385799
13612,-0.9042084727970536
10135,0.3278747905355015
5459,3.228122183317339
9878,1.8154451361609105
17308,-0.837412501897564
15924,0.42987444640311345
15758,-0.2931407122873413
6148,2.0636875604308464
1455,7.870429258820373
6487,0.4930371583164366
11998,0.6807861697127038
5354,2.7569270626830154
1024,14.552910303229545
6963,1.5067430842678675
5151,3.459172207251221
10604,0.23311979269081284
11778,1.1754206035089325
13631,1.4335769848414444
12923,0.24846177828322524
16641,-1.4187046059689905
13313,0.47951180221710565
10471,1.575300039460469
16458,-0.42309939510015226
7842,0.5201435157150662
362,16.351033115491642
11171,0.1473704371621558
1235,7.073429116407478
14779,-0.6668221055867924
11440,0.3252054914958453
9942,3.7326705741761437
981,8.237863739293967
9687,0.9795742645431726
1833,9.78498539779595
16009,0.1870600506630158
9078,0.41362414606415854
13075,0.47951180221710565
3332,3.3580808661301518
10897,3.9493763577146765
4472,2.9491063574120524
15039,-0.2371670131969701
10787,0.19157976444631153
7459,1.6014980821125562
2407,5.215754991268813
14946,0.6013731574604257
4974,1.3433417007800479
17763,-0.4845011227203635
3079,4.88986053903972
15761,-1.7923859992684417
10643,0.23311979269081284
102,19.310831821150046
14900,0.035423038981411636
6346,1.467872355063026
5301,3.9719073561300426
11191,-0.303054669349919
8427,1.746798750517783
17571,-0.2624567411025165
15777,0.38833441815861214
2794,5.612875697730171
12422,-0.0006889607332514203
14828,1.3659283443953818
14295,1.4309076858017882
10890,-0.303054669349919
13191,-0.6108484064964212
669,6.4830419395694925
5800,1.2783623593736415
2254,6.786405393383223
7277,1.2133830179672351
6070,0.6501021985278772
1846,4.809539212040896
15781,-1.1109108688224882
7304,3.068298413615718
9043,1.095099276510112
6454,2.913902672443932
4333,1.5030760400311465
15670,-1.51979594709006
5013,3.6993173039516627
17117,-2.6805635257398315
13340,-0.747143432585613
14286,-0.96918781420346
45,45.32674648241233
14395,-0.08010197298552768
9906,2.067265174217045
17290,0.09588266660452227
7038,1.8416431788129977
6554,0.6501021985278772
1777,2.924758729503605
12183,2.085276458849112
2375,4.211054707633419
17727,-2.2563364618798456
14709,-0.8031171316759842
11793,-0.07200464541603502
6690,1.3289080299341762
6704,2.031153174502382
12940,0.07062672394953395
15884,-0.9746158427332965
10327,0.23311979269081284
12531,-0.1369839868224414
7714,1.7766638374065913
12215,0.9533762218910855
3329,9.652357415943477
15448,0.3585587617203281
4555,2.036581203032217
17761,-1.3022712792555087
2945,2.1665398858450295
1306,2.20441286985281
6897,2.4699033396587637
50,37.796630194579194
2177,4.587494830423051
201,19.726053242694
9123,0.5499191721533485
10745,0.23311979269081284
4645,6.434402328952565
4119,2.6648413638779793
14269,-1.1262528544149006
8456,0.34230846138137494
7849,1.652043752673091
11194,-0.03046461717153548
14355,0.5092874586553897
3071,2.323604926056472
10574,0.3901848329022535
14268,-1.1262528544149006
1604,3.5530188903493674
3734,2.886885745495828
5465,4.013447384374544
2050,4.975609894568375
17593,-2.0342920802619986
17855,-1.251725608694974
131,8.817249783421786
965,6.981343417602439
11011,0.39919047521828865
6440,1.6457074093967137
12492,1.4245713425254074
166,17.266316999361656
6958,1.5275130983901164
2337,4.744559870634493
253,3.536679159559892
3235,3.8942553281708783
6586,1.435427399585084
13972,0.5092874586553897
14219,0.37299243256619974
3780,7.598836951839054
16078,-1.3329552504403352
7589,1.6014980821125562
10910,0.011075411072964059
1349,4.874518553447306
2310,3.016844428308641
14369,0.48584814549348465
12241,2.473391522994433
11442,0.35765044697378734
7114,0.7006478690884119
17124,-1.1397782105142298
9038,0.4343941601864092
17946,-4.0128298154469135
4110,2.6648413638779793
8266,0.6772085559265069
3321,1.787430464015742
3696,5.1182412639339425
9910,0.988579906859206
13817,0.236697406477008
197,5.172308903080708
1192,3.8400426133736225
8766,1.9246338048514744
6775,1.7585631223239986
1103,6.353083256756676
14324,0.9597125651674645
15931,-0.6812557764326641
1709,6.297109557666307
8162,1.8714188352512835
7545,0.7421878973329132
3580,3.023180771585018
9091,0.8640492525762316
2025,8.1403500119591
2802,2.1665398858450295
14451,1.031028249850248
10554,0.4433998025024426
14301,0.236697406477008
17488,-1.6254070019944251
3991,6.490286597592412
17599,-1.0802268976376617
4126,7.053567417031768
8053,1.2846987026500223
7617,7.602414565625253
14697,-0.121642001230029
16338,-1.427710248285024
7947,0.4786034874705649
971,4.6253678144308275
2927,3.580125247747997
5387,1.6574717812029292
8289,1.1484036765608288
9601,0.2980991340972192
1304,4.089193352390101
1196,6.667213337179557
14777,-1.3482972360327476
7129,1.6845781386015588
16493,-0.5801644353115947
3983,3.3580808661301518
516,16.600183854508117
11969,-0.3680340107563236
16378,-1.8781353547970987
14778,-0.5305270794976025
9673,1.095099276510112
13447,0.3432167761279157
1156,11.841264591390551
9310,-0.17309598653710445
3735,3.5475908618195326
17898,-1.6100650164020127
8018,1.1484036765608288
15895,0.15728439422473173
11576,0.7133205556411699
14955,-1.3482972360327476
49,28.100137729714362
4009,2.4156906248615044
5857,1.435427399585084
9969,0.07605475247937221
10957,-0.4601197095613596
15230,-1.5703416176505947
5521,1.8145368214143716
3392,2.9608707292182714
17711,-2.2563364618798456
3090,6.386525957431687
12885,1.6853970228975754
14146,-0.6965977620250783
7737,0.6772085559265069
17741,-2.120041435790654
14438,0.15094805094835273
2350,1.6032590664056734
13851,1.0635626357787125
2493,5.372820031480256
14628,-0.6045120632200423
11665,0.3784204610960362
8108,0.5201435157150662
6566,2.53488268106517
12507,-0.525099050967766
2671,4.972940595528719
13625,0.5950368141840467
14499,0.44430811724898334
8444,2.090793917829476
17224,-0.4998431083127759
13235,0.07062672394953395
4948,1.8145368214143716
6166,3.059292771299681
2429,8.828250916131957
13137,-0.49532339452948015
10524,2.286640256795234
15788,0.17805440834698238
13763,1.2206276759901549
13145,-0.9042084727970536
4787,4.487311804048524
7178,0.878482923422105
5207,2.7569270626830154
4751,3.073726442145553
13708,0.37299243256619974
17743,-1.7111563575230821
6763,1.5599580538680584
4688,1.5653860823978931
7432,1.6845781386015588
13746,-0.15141765766831483
5315,2.7361570485607665
1409,8.267639395732257
1261,9.251569665245398
14975,-0.8031171316759842
16663,-0.19204937116627185
11478,-0.1875296573829761
5362,2.338946911648886
5535,3.14504212682834
16765,-0.1415037006057389
3903,2.886885745495828
11660,1.3740256719648727
13565,-0.747143432585613
2319,4.430429790211612
7554,2.031153174502382
15986,-0.42943573837653304
7651,2.13500324511363
11058,0.6925505415189193
15496,-1.297751565472213
9045,1.75580439283382
10825,0.8938249090145174
9284,1.3884593428107443
7638,1.3289080299341762
13369,1.6321820532973845
975,11.568674539212171
3185,11.184137088853046
7839,0.8342735961379475
16230,0.050765024573824036
1277,3.303868151332896
6289,1.7495574800079652
9693,1.2729343308438033
7977,1.9661738330959757
15632,0.00021935401328931903
1704,5.867454465276484
8458,0.5201435157150662
17331,0.2944877350604642
14141,0.14194240863231933
13606,1.2025269609075622
10340,0.4849398307469439
8712,0.8342735961379475
15074,0.22226373563113633
1285,7.230494156618917
6702,3.883488701561731
6985,1.7377931082017497
824,10.187623563237668
12640,0.9533762218910855
14094,-0.96918781420346
3208,4.522515489016644
8422,0.2060134352921832
13725,-0.96918781420346
13255,0.8883968804846791
9493,1.607834425388937
7003,2.188218214713821
17692,-2.2563364618798456
4417,5.011721894283035
10372,1.6168400677049704
1070,6.48937828284587
6882,3.6433436048612897
9584,1.095099276510112
8688,0.8874885657381384
34,25.45347135928177
15925,-0.42943573837653304
1637,5.751929453309543
12311,-0.6821640911792066
9959,0.34864480465775394
7306,1.2133830179672351
13325,-0.9042084727970536
8102,1.3054687167722712
17732,-2.3718614738467867
5131,4.004352311607985
8674,4.5947394884459705
14350,-1.1262528544149006
5160,2.7569270626830154
16747,-2.1443890636991014
4177,1.0941909617635712
10122,-0.23807532794351083
1802,2.7793686306478556
10229,0.7043149133251347
13117,1.789247093508827
15549,0.17805440834698238
1140,9.212698936040557
13275,0.18615173591647505
3869,2.3949206107392556
3794,2.2586255846500656
6111,3.0385227571774323
15663,-0.565730764465723
5942,1.5924924397965228
15423,0.22226373563113633
514,20.212679779371257
11069,0.6925505415189193
17458,-0.9944775421090046
9750,0.2980991340972192
2955,4.051320368382321
11858,1.8244507784769475
13952,-0.1721876717905637
14401,0.014653024859160979
11676,1.7829107502324462
8130,0.8342735961379475
13757,0.5092874586553897
3372,3.725425916153224
13280,-0.43301335216272996
14431,0.15094805094835273
12974,0.322446762005665
13811,1.3893676575572869
11038,0.5562555154297293
15435,-0.029556302424992964
13241,0.20692175003872393
12982,2.144917202176206
7142,1.8948581484131921
16442,-1.1461145537906088
13229,-0.9042084727970536
1176,8.080798699082528
17,40.27355883824759
8150,2.4581389678525483
16051,-0.9240701721727618
666,6.168911859146611
15280,1.428148956311606
7771,3.7263342308997665
13907,-0.5810727500581372
11114,3.1757260980131647
13203,-0.5900783923741706
10077,0.5796948285916343
16825,-0.12073368648348826
2104,3.9916796250552267
912,12.52282915228703
5787,1.7495574800079652
9505,0.2980991340972192
7326,2.051923188624631
16771,-0.9592738571408841
3806,4.56396608681062
364,10.068431507034006
7258,1.1926130038449863
16251,1.0463702354426623
5692,2.496011951860325
7352,2.4699033396587637
10567,0.07605475247937221
6970,3.957473685284171
17821,-1.9332007391409292
8158,1.1276336624385799
16502,-1.2824095798798005
665,8.053692341683902
6317,1.6457074093967137
11389,0.9236005654527997
203,14.783052012416888
1274,10.487319972814678
6600,1.906622520219404
11956,0.5652611577457627
6467,3.1216028136664313
15110,-1.5703416176505947
17916,-2.018950094669586
6736,0.8992529375443539
15364,0.0651986954196957
9240,0.6122292145201005
15634,-1.7923859992684417
8713,4.39613441999003
4423,1.879516162820778
10,53.84613163783791
2827,2.323604926056472
6115,3.1216028136664313
9431,1.4923094134219959
2678,7.506751253034022
9003,0.2980991340972192
10637,1.1456449470706467
3201,3.885160255404319
420,14.632323315481823
6491,1.435427399585084
8508,1.494978712461652
1476,4.24625839260154
6042,1.906622520219404
17279,-1.2670675942873864
11121,-0.14598962913847657
7963,1.7766638374065913
6921,3.068298413615718
7285,1.0355479636335456
16821,-0.9592738571408841
6455,2.691947721276609
2325,8.786710887887455
10000,0.9976749796257653
4517,2.5077763236665405
6909,1.0563179777557945
3140,5.150775649862407
16752,-0.6659137908402517
11932,-0.14598962913847657
4240,2.036581203032217
12077,1.1519812903470275
6683,1.0563179777557945
11238,1.0598955915419914
397,10.54863226998436
6109,2.53488268106517
17096,-1.433138276814864
15853,-1.321190878634118
6607,2.3778176408537277
11726,0.7873055393636097
14306,-1.1262528544149006
6430,1.1212973191622009
14323,0.5092874586553897
14994,-0.5305270794976025
2793,3.8942553281708783
13609,0.4587417880948568
13918,-0.1306476435460624
16966,-0.12073368648348826
3508,1.787430464015742
2920,4.377125390160895
7916,2.8786989874758113
14684,1.3451583302731294
2233,4.2733647500001695
1912,4.652474171829457
7279,0.8992529375443539
531,13.583413704562272
7366,2.031153174502382
56,30.319818306796783
5021,2.632306977949515
8659,2.259533899396608
5217,2.7569270626830154
7143,0.7421878973329132
15721,-0.42943573837653304
14299,0.236697406477008
2585,5.541560013047388
17657,-1.4385663053446986
12114,1.697161394703791
14564,-0.3942320534084107
229,26.050194879396138
15264,-0.7525714611154495
4557,5.1778820072610365
5979,1.5924924397965228
4153,1.7224511226093355
8523,2.0401588168184155
759,5.4341323286499374
4408,2.6648413638779793
16732,-0.2777987266949289
16631,-0.7372294755230353
17253,-3.059672947569119
16028,-2.0144303808862887
4927,2.422026968137885
8080,0.2060134352921832
5061,2.475241937738076
4043,3.3787614498018783
14488,-0.5305270794976025
17321,-1.9485427247333416
3407,3.5151459063415906
6785,2.638643321225892
14125,0.7818775108337714
15065,0.8297538823546518
3445,2.101560544438623
16426,0.21683570710129985
12236,-0.6821640911792066
2738,3.580125247747997
3820,1.8614154477381852
4475,5.115571964894286
7897,1.6105037244285931
15536,-1.5703416176505947
10478,0.3901848329022535
4659,1.5446160682756442
12289,-0.525099050967766
4562,2.801136389967173
6489,2.0961325159087885
17698,-0.4845011227203635
10390,2.150345230706044
10631,0.7575298829253256
1511,12.727770564019352
8738,0.04894839508074256
7511,0.7421878973329132
7207,1.99870821902444
16321,0.029995010451575155
14706,-1.3482972360327476
8491,1.3054687167722712
9483,2.813719646069405
1706,4.486314058851455
1129,17.128260988979353
613,7.582497221049579
11682,-0.303054669349919
12701,-0.6821640911792066
2154,5.844015152114579
6164,2.5050175941763584
2144,6.421640211949281
3178,3.8942553281708783
4189,3.2931015247237454
4470,3.2931015247237454
15509,-0.16585132851418471
2560,4.587494830423051
953,8.071703626315966
17520,0.1879683654095583
14115,-0.96918781420346
11450,0.766535525241359
1575,6.445168955561712
5155,0.8513765660234753
10204,-0.23807532794351083
7929,2.8877940602423706
17610,0.3034933773764976
1608,5.594864413098101
2346,3.645104589154407
4926,2.694617020316265
13304,0.6158068283062974
10259,0.05528473835711978
707,6.711422664463715
8485,0.2060134352921832
2409,6.5163952097939735
6753,1.3081380158119273
8514,2.9410090298425615
15991,-0.5449607503434741
10982,0.5354855013074786
4884,2.4544719236158237
16788,-1.2318639093192658
16099,0.050765024573824036
5250,2.7569270626830154
7446,1.3496780440564287
14138,0.25746742059925865
10230,0.6627748850806352
4945,1.6574717812029292
11498,0.514715487185228
1877,5.899899420754423
8391,1.3054687167722712
12514,0.8793912381686457
6980,2.941098460293084
3387,2.572755665072947
1675,6.7475346641783815
13532,0.47951180221710565
1716,6.7475346641783815
10836,1.2819399731598402
15702,-1.7923859992684417
2756,8.292076454091227
5517,3.5422522637402203
2041,4.901624910845932
9558,-0.01603094632566382
3136,3.423060207536558
6813,1.287368001689675
436,7.6474765624559815
9554,0.8640492525762316
5149,1.7937668072921227
8802,0.1410340938857768
5337,3.5422522637402203
4971,2.422026968137885
6967,1.1926130038449863
12096,0.29267110556738096
2604,7.885860674863309
14726,-0.3942320534084107
5439,2.128666901837253
16883,-1.5044539614976475
11652,1.2377306458756827
14349,0.2782374347215093
10222,0.8613799535365754
17396,-1.8122476986441516
10126,0.07605475247937221
9861,0.2980991340972192
9266,0.1410340938857768
1734,6.548929595722438
10332,0.23311979269081284
2001,10.715700697708904
5289,2.768602004038705
14584,0.014653024859160979
15439,-1.0251615132938312
2053,4.9340698663238705
7777,3.818509360155325
1063,7.2954734980253235
4114,1.7224511226093355
9953,0.5796948285916343
10452,-0.0810102877320702
4716,2.1728762291214103
6477,2.3155075984869775
8048,2.028483875462726
2725,4.679580529228083
9445,3.065539684125536
13794,-1.1262528544149006
12790,1.2467362881917161
1259,6.445168955561712
2980,8.721731546481049
10770,1.1456449470706467
4455,3.073726442145553
14287,-0.42400770984669656
3874,4.018785982453856
7210,1.0563179777557945
15906,-0.7020257905549148
17344,-2.493722829090105
16449,-2.1001797364149457
5880,0.6501021985278772
17397,-1.1307725681981964
7922,2.342613955885607
17291,0.0011276687598318347
11520,2.2956458991112676
3704,1.787430464015742
5,61.1361028289706
6026,3.9484680429681376
2024,4.631704157707208
6776,1.8416431788129977
13224,-0.3382583543180395
9242,0.1410340938857768
6435,1.906622520219404
12254,0.3134411196896316
15975,-0.2931407122873413
4575,2.5077763236665405
372,17.45048839697173
515,6.86215136139878
4093,3.2931015247237454
2675,2.009474845633587
8531,2.42827388096374
17486,-1.7617020280836169
392,15.784993566562104
7580,2.356958196280953
398,5.836681063641134
12425,-0.0006889607332514203
5584,1.6574717812029292
4629,5.020816967049594
6123,1.5924924397965228
664,13.550968749084337
4238,6.247472201852311
